STT,Mã đơn hàng,Nguồn,Nhân viên tạo đơn,Mã SKU,Số lượng sản phẩm,Giá sản phẩm,Tổng số lượng sản phẩm,Tổng tiền,Ngày tạo đơn
1.0,HD5206,Zalo,CTG,CTG000646,6,350000,6,2125000,06-04-2026 12:16
10.0,HD5197,POS,PT 01,CTG000764,1,913000,1,913000,04-04-2026 18:11
12.0,HD5195,POS,PT 01,CTG000547,1,300000,1,300000,04-04-2026 16:17
22.0,HD5185,POS,PT 01,CTG000584,1,980000,1,980000,03-04-2026 11:53
30.0,HD5177,POS,PT 01,CTG000521,1,950000,1,950000,01-04-2026 18:48
31.0,HD5176,POS,PT 01,CTG000860,1,1600000,1,1760000,01-04-2026 13:51
34.0,HD5173,Facebook,Sale Kim Yến,CTG000861,1,750000,2,1710000,31-03-2026 13:34
,HD5173,Facebook,Sale Kim Yến,CTG000700,1,940000,2,1710000,31-03-2026 13:34
40.0,HD5166,POS,Sale Kim Yến,CTG000861,2,750000,2,1500000,30-03-2026 16:22
48.0,HD5158,POS,Sale Kim Yến,CTG000647,1,430000,1,430000,29-03-2026 16:28
67.0,HD5139,POS,Sale Kim Yến,CTG000649,2,891000,5,3830200,26-03-2026 19:35
,HD5133,Zalo,Sale Kim Yến,CTG000649,4,891000,6,5482400,26-03-2026 10:56
86.0,HD5120,POS,Sale Kim Yến,CTG000861,2,750000,2,1500000,24-03-2026 17:42
87.0,HD5119,POS,Sale Kim Yến,CTG000760,1,715000,1,715000,24-03-2026 17:37
91.0,HD5115,Zalo,Sale Kim Yến,CTG000698,2,380000,2,775000,24-03-2026 10:23
92.0,HD5114,POS,Sale Kim Yến,CTG000455,1,759000,1,759000,23-03-2026 17:59
97.0,HD5109,POS,Sale Kim Yến,BKT242382,1,550000,1,550000,22-03-2026 17:41
112.0,HD5094,Zalo,Sale Kim Yến,CTG000761,1,715000,2,1335000,20-03-2026 19:02
113.0,HD5093,POS,Sale Kim Yến,CTG000547,1,300000,1,300000,20-03-2026 17:35
119.0,HD5087,Zalo,Sale Kim Yến,CTG000425,1,600000,1,600000,19-03-2026 19:51
,HD5080,POS,CTG,CTG000719,1,70000,2,125000,19-03-2026 11:31
127.0,HD5079,POS,Sale Kim Yến,CTG000698,1,380000,2,1095000,18-03-2026 18:31
,HD5079,POS,Sale Kim Yến,CTG000761,1,715000,2,1095000,18-03-2026 18:31
134.0,HD5072,POS,Sale Kim Yến,CTG000647,1,430000,1,473000,17-03-2026 16:46
136.0,HD5070,Zalo,Sale Kim Yến,CTG000913,6,354000,6,2124000,17-03-2026 15:14
140.0,HD5066,POS,Sale Kim Yến,CTG000585,1,830000,1,722100,16-03-2026 20:37
146.0,HD5060,POS,Sale Kim Yến,CTG000760,2,715000,2,1430000,15-03-2026 18:23
149.0,HD5057,POS,Sale Kim Yến,CTG000646,1,425000,2,1248500,15-03-2026 16:33
,HD5048,POS,Sale Kim Yến,CTG000425,1,600000,5,800000,14-03-2026 11:50
159.0,HD5047,POS,Sale Kim Yến,CTG000649,2,891000,2,1782000,14-03-2026 10:39
180.0,HD5025,Facebook,CTG,CTG000651,1,850000,1,870000,11-03-2026 12:45
182.0,HD5023,POS,CTG,CTG000765,1,2970000,1,3267000,11-03-2026 10:16
183.0,HD5022,Zalo,Sale Kim Yến,CTG000425,1,600000,1,600000,10-03-2026 20:41
184.0,HD5021,POS,Sale Kim Yến,CTG000590,1,900000,2,1794500,10-03-2026 20:11
,HD5021,POS,Sale Kim Yến,,1,950000,2,1794500,10-03-2026 20:11
,HD5020,POS,Sale Kim Yến,CTG000425,1,600000,2,1000000,10-03-2026 18:52
190.0,HD5015,POS,Sale Kim Yến,CTG000619,1,610000,2,1523000,09-03-2026 16:52
,HD5015,POS,Sale Kim Yến,CTG000763,1,913000,2,1523000,09-03-2026 16:52
192.0,HD5013,POS,Sale Kim Yến,CTG000378,1,357000,1,357000,09-03-2026 12:55
194.0,HD5011,POS,Sale Kim Yến,CTG000378,1,357000,1,357000,08-03-2026 18:33
196.0,HD5009,POS,Sale Kim Yến,CTG000674,1,2450000,1,2205000,08-03-2026 17:50
199.0,HD5006,POS,Sale Kim Yến,CTG000757,1,550000,1,495000,08-03-2026 15:52
,HD5002,Zalo,Sale Kim Yến,CTG000616,2,605000,4,2138400,08-03-2026 12:26
,HD4996,POS,CTG,CTG000698,1,380000,2,782000,07-03-2026 10:21
215.0,HD4990,Zalo,Sale Kim Yến,CTG000733,24,350000,24,8500000,06-03-2026 13:28
219.0,HD4986,POS,Sale Kim Yến,CTG000647,1,430000,1,430000,05-03-2026 19:21
222.0,HD4983,POS,Sale Kim Yến,PK0011,1,90000,2,940000,05-03-2026 18:22
,HD4983,POS,Sale Kim Yến,CTG000650,1,850000,2,940000,05-03-2026 18:22
229.0,HD4976,Website,,CTG000722,1,440000,3,1320000,05-03-2026 08:42
,HD4976,Website,,CTG000724,1,440000,3,1320000,05-03-2026 08:42
,HD4976,Website,,CTG000368,1,440000,3,1320000,05-03-2026 08:42
234.0,HD4971,POS,Sale Kim Yến,CTG000565,1,1150000,2,1979770,04-03-2026 17:54
,HD4971,POS,Sale Kim Yến,CTG000649,1,891000,2,1979770,04-03-2026 17:54
239.0,HD4966,Facebook,Sale Kim Yến,CTG000378,1,357000,1,377000,03-03-2026 20:13
242.0,HD4963,POS,Sale Kim Yến,CTG000766,1,2970000,1,2970000,03-03-2026 14:31
,HD4956,Zalo,Sale Kim Yến,BKT242382,1,550000,2,1100000,01-03-2026 19:15
250.0,HD4954,POS,Sale Kim Yến,CTG000391,1,1800000,1,1800000,01-03-2026 17:24
255.0,HD4949,POS,Sale Kim Yến,CTG000547,1,270000,1,270000,01-03-2026 12:12
266.0,HD4938,POS,Sale Kim Yến,CTG000649,1,891000,3,1991000,28-02-2026 16:33
,HD4938,POS,Sale Kim Yến,CTG000757,2,550000,3,1991000,28-02-2026 16:33
267.0,HD4937,POS,Sale Kim Yến,CTG000719,1,70000,3,2620000,28-02-2026 14:13
,HD4937,POS,Sale Kim Yến,CTG000477,1,1600000,3,2620000,28-02-2026 14:13
,HD4937,POS,Sale Kim Yến,CTG000660,1,950000,3,2620000,28-02-2026 14:13
268.0,HD4936,POS,Sale Kim Yến,CTG000547,2,300000,2,600000,28-02-2026 13:34
278.0,HD4926,POS,Sale Kim Yến,CTG000378,1,357000,1,357000,27-02-2026 18:14
,HD4922,POS,Sale Kim Yến,CTG000425,1,600000,2,1850000,27-02-2026 12:06
283.0,HD4921,Zalo,Sale Kim Yến,CTG000649,12,800000,12,9600000,27-02-2026 10:39
291.0,HD4913,POS,Sale Kim Yến,CTG000719,5,70000,5,350000,25-02-2026 18:42
294.0,HD4910,POS,Sale Kim Yến,CTG000649,4,891000,6,6670400,25-02-2026 10:54
,HD4910,POS,Sale Kim Yến,CTG000456,2,1300000,6,6670400,25-02-2026 10:54
297.0,HD4907,POS,CTG,CTG000481,2,1350000,4,5830000,24-02-2026 14:55
,HD4907,POS,CTG,CTG000456,2,1300000,4,5830000,24-02-2026 14:55
299.0,HD4905,Facebook,CTG,CTG000722,1,440000,1,440000,24-02-2026 12:03
301.0,HD4903,Admin,Hồ Phương,CTG000700,1,940000,2,1570000,20-02-2026 14:05
304.0,HD4900,POS,Sale Kim Yến,CTG000700,1,940000,2,2140000,16-02-2026 17:06
,HD4900,POS,Sale Kim Yến,CTG000419,1,1200000,2,2140000,16-02-2026 17:06
311.0,HD4893,POS,Sale Kim Yến,CTG000382,1,735000,2,2035000,16-02-2026 11:52
,HD4893,POS,Sale Kim Yến,CTG000675,1,1300000,2,2035000,16-02-2026 11:52
,HD4889,POS,Sale Kim Yến,CTG000423,1,1520000,2,7120000,16-02-2026 11:13
323.0,HD4880,Zalo,Sale Kim Yến,CTG000509,2,6280000,2,12680000,15-02-2026 16:39
324.0,HD4879,POS,Sale Kim Yến,CTG000541,1,1300000,1,1300000,15-02-2026 16:36
330.0,HD4873,POS,Sale Kim Yến,CTG000534,1,1220000,1,1220000,15-02-2026 14:34
333.0,HD4870,POS,Sale Kim Yến,CTG000356,1,229000,6,579000,15-02-2026 13:21
,HD4870,POS,Sale Kim Yến,CTG000719,5,70000,6,579000,15-02-2026 13:21
337.0,HD4866,Website,,CTG000349,1,350000,1,375000,14-02-2026 20:38
341.0,HD4862,POS,Sale Kim Yến,CTG000760,1,715000,1,715000,14-02-2026 16:29
,HD4861,POS,Sale Kim Yến,CTG000390,1,1750000,3,4270000,14-02-2026 16:26
,HD4861,POS,Sale Kim Yến,CTG000387,1,1300000,3,4270000,14-02-2026 16:26
344.0,HD4859,POS,Sale Kim Yến,CTG000767,1,3245000,1,3245000,14-02-2026 16:06
,HD4847,Facebook,Sale Kim Yến,CTG000757,1,550000,2,1060000,14-02-2026 13:25
358.0,HD4845,POS,Sale Kim Yến,CTG000624,1,795000,8,6935000,14-02-2026 12:55
,HD4845,POS,Sale Kim Yến,CTG000623,2,890000,8,6935000,14-02-2026 12:55
,HD4845,POS,Sale Kim Yến,CTG000819,2,980000,8,6935000,14-02-2026 12:55
362.0,HD4841,POS,Sale Kim Yến,PK0011,1,90000,4,2094000,14-02-2026 11:52
,HD4841,POS,Sale Kim Yến,CTG000649,1,891000,4,2094000,14-02-2026 11:52
,HD4841,POS,Sale Kim Yến,,1,200000,4,2094000,14-02-2026 11:52
,HD4841,POS,Sale Kim Yến,CTG000763,1,913000,4,2094000,14-02-2026 11:52
363.0,HD4840,POS,Sale Kim Yến,CTG000547,1,300000,1,300000,14-02-2026 11:45
364.0,HD4839,POS,Sale Kim Yến,CTG000377,2,990000,2,1881000,14-02-2026 11:17
365.0,HD4838,POS,Sale Kim Yến,CTG000700,1,940000,1,940000,14-02-2026 11:15
366.0,HD4837,POS,Sale Kim Yến,CTG000650,1,850000,2,3550000,14-02-2026 11:02
376.0,HD4827,POS,Sale Kim Yến,CTG000562,1,709000,6,5295000,13-02-2026 20:08
,HD4827,POS,Sale Kim Yến,BKT242382,1,550000,6,5295000,13-02-2026 20:08
,HD4827,POS,Sale Kim Yến,CTG000494,1,951000,6,5295000,13-02-2026 20:08
,HD4827,POS,Sale Kim Yến,CTG000427,1,1450000,6,5295000,13-02-2026 20:08
,HD4827,POS,Sale Kim Yến,CTG000407,1,885000,6,5295000,13-02-2026 20:08
,HD4827,POS,Sale Kim Yến,CTG000577,1,750000,6,5295000,13-02-2026 20:08
379.0,HD4824,POS,Sale Kim Yến,CTG000646,2,425000,4,1850000,13-02-2026 19:32
386.0,HD4817,Zalo,CTG,CTG000547,6,300000,6,1800000,13-02-2026 17:53
397.0,HD4806,POS,Sale Kim Yến,CTG000717,1,650000,2,1199000,13-02-2026 15:25
,HD4806,POS,Sale Kim Yến,CTG000653,1,549000,2,1199000,13-02-2026 15:25
407.0,HD4796,POS,Sale Kim Yến,CTG000722,2,440000,6,4680000,13-02-2026 14:04
,HD4796,POS,Sale Kim Yến,,4,950000,6,4680000,13-02-2026 14:04
436.0,HD4767,Zalo,CTG,CTG000651,1,850000,1,865000,12-02-2026 17:15
445.0,HD4758,Zalo,Sale Kim Yến,CTG000722,12,400000,12,4835000,12-02-2026 16:02
446.0,HD4757,POS,Sale Kim Yến,CTG000649,1,891000,1,891000,12-02-2026 15:49
450.0,HD4753,POS,Sale Kim Yến,CTG000700,1,940000,1,900000,12-02-2026 14:54
,HD4752,Zalo,Sale Kim Yến,CTG000861,1,750000,2,1255000,12-02-2026 14:47
458.0,HD4745,POS,Sale Kim Yến,CTG000546,1,650000,2,1400000,12-02-2026 11:44
,HD4745,POS,Sale Kim Yến,CTG000577,1,750000,2,1400000,12-02-2026 11:44
,HD4744,POS,Sale Kim Yến,CTG000432,1,1850000,4,3090000,12-02-2026 11:23
,HD4744,POS,Sale Kim Yến,,1,200000,4,3090000,12-02-2026 11:23
,HD4730,POS,Sale Kim Yến,CTG000368,1,440000,4,2030000,11-02-2026 19:58
,HD4730,POS,Sale Kim Yến,CTG000370,1,440000,4,2030000,11-02-2026 19:58
,HD4730,POS,Sale Kim Yến,CTG000724,1,440000,4,2030000,11-02-2026 19:58
477.0,HD4726,POS,Sale Kim Yến,CTG000757,1,550000,1,550000,11-02-2026 19:35
485.0,HD4717,POS,Sale Kim Yến,CTG000860,1,1600000,1,1600000,11-02-2026 18:24
486.0,HD4716,POS,Sale Kim Yến,CTG000577,1,750000,1,750000,11-02-2026 18:17
487.0,HD4715,POS,Sale Kim Yến,PK00010,1,250000,3,1440000,11-02-2026 18:01
,HD4715,POS,Sale Kim Yến,CTG000430,2,595000,3,1440000,11-02-2026 18:01
488.0,HD4714,Admin,Sale Kim Yến,BKT242382,6,550000,44,21928500,11-02-2026 18:00
,HD4714,Admin,Sale Kim Yến,CTG000745,3,750000,44,21928500,11-02-2026 18:00
,HD4714,Admin,Sale Kim Yến,CTG000547,6,300000,44,21928500,11-02-2026 18:00
,HD4714,Admin,Sale Kim Yến,CTG000577,3,750000,44,21928500,11-02-2026 18:00
,HD4714,Admin,Sale Kim Yến,CTG000455,3,759000,44,21928500,11-02-2026 18:00
,HD4714,Admin,Sale Kim Yến,CTG000378,4,357000,44,21928500,11-02-2026 18:00
,HD4714,Admin,Sale Kim Yến,CTG000475,6,540000,44,21928500,11-02-2026 18:00
,HD4714,Admin,Sale Kim Yến,CTG000660,3,950000,44,21928500,11-02-2026 18:00
,HD4714,Admin,Sale Kim Yến,CTG000636,4,530000,44,21928500,11-02-2026 18:00
,HD4714,Admin,Sale Kim Yến,CTG000662,6,500000,44,21928500,11-02-2026 18:00
491.0,HD4711,Facebook,Sale Kim Yến,CTG000368,1,440000,2,930000,11-02-2026 17:38
,HD4711,Facebook,Sale Kim Yến,CTG000723,1,440000,2,930000,11-02-2026 17:38
498.0,HD4704,Zalo,Sale Kim Yến,,16,1680000,16,26880000,11-02-2026 15:12
504.0,HD4698,Zalo,Sale Kim Yến,CTG000546,1,650000,1,650000,11-02-2026 13:07
506.0,HD4696,Zalo,Sale Kim Yến,CTG000700,2,940000,2,1880000,11-02-2026 12:29
511.0,HD4691,Zalo,Sale Kim Yến,CTG000722,3,440000,9,2574000,11-02-2026 11:30
,HD4691,Zalo,Sale Kim Yến,,6,170000,9,2574000,11-02-2026 11:30
519.0,HD4683,Admin,CTG,,18,1680000,18,29937600,10-02-2026 23:00
523.0,HD4678,POS,Sale Kim Yến,CTG000757,1,550000,1,550000,10-02-2026 20:50
530.0,HD4671,POS,Sale Kim Yến,CTG000547,1,300000,1,300000,10-02-2026 20:03
546.0,HD4655,POS,Sale Kim Yến,CTG000757,1,550000,1,550000,10-02-2026 17:33
550.0,HD4651,POS,Sale Kim Yến,CTG000606,2,300000,2,600000,10-02-2026 15:30
553.0,HD4648,Zalo,Sale Kim Yến,CTG000443,1,2330000,1,2365000,10-02-2026 14:58
556.0,HD4645,POS,Sale Kim Yến,CTG000425,1,600000,1,600000,10-02-2026 14:37
558.0,HD4643,Zalo,Sale Kim Yến,CTG000351,1,1350000,2,2250000,10-02-2026 14:29
,HD4643,Zalo,Sale Kim Yến,CTG000590,1,900000,2,2250000,10-02-2026 14:29
,HD4640,POS,Sale Kim Yến,CTG000861,1,750000,4,2170000,10-02-2026 13:37
562.0,HD4639,POS,Sale Kim Yến,,1,250000,8,13860000,10-02-2026 13:28
,HD4639,POS,Sale Kim Yến,CTG000379,2,1500000,8,13860000,10-02-2026 13:28
570.0,HD4631,Zalo,Sale Kim Yến,CTG000649,6,891000,6,5704182,10-02-2026 11:35
572.0,HD4629,Facebook,Sale Kim Yến,CTG000420,1,2100000,2,2250000,10-02-2026 11:22
,HD4629,Facebook,Sale Kim Yến,PK0009,1,150000,2,2250000,10-02-2026 11:22
579.0,HD4621,Zalo,Sale Kim Yến,CTG000547,2,300000,2,624500,10-02-2026 10:32
580.0,HD4620,Website,,CTG000700,2,940000,3,4595000,10-02-2026 10:16
,HD4612,POS,CTG,CTG000606,1,314000,3,2234000,09-02-2026 20:23
,HD4612,POS,CTG,CTG000547,1,300000,3,2234000,09-02-2026 20:23
594.0,HD4606,POS,CTG,,1,250000,3,4030000,09-02-2026 18:35
,HD4606,POS,CTG,CTG000434,2,2100000,3,4030000,09-02-2026 18:35
597.0,HD4603,POS,CTG,PK00010,1,250000,1,250000,09-02-2026 17:24
,HD4595,Zalo,CTG,,10,1500000,73,24850000,09-02-2026 15:45
611.0,HD4589,Facebook,CTG,CTG000722,3,440000,8,3520000,09-02-2026 13:47
,HD4589,Facebook,CTG,CTG000370,2,440000,8,3520000,09-02-2026 13:47
,HD4589,Facebook,CTG,CTG000368,2,440000,8,3520000,09-02-2026 13:47
,HD4589,Facebook,CTG,CTG000723,1,440000,8,3520000,09-02-2026 13:47
614.0,HD4586,POS,CTG,CTG000860,1,1600000,3,2899000,09-02-2026 13:23
,HD4586,POS,CTG,CTG000700,1,940000,3,2899000,09-02-2026 13:23
621.0,HD4579,Zalo,CTG,CTG000647,3,390000,3,1287000,09-02-2026 11:29
622.0,HD4578,Zalo,CTG,PK00010,1,200000,3,1650000,09-02-2026 11:19
,HD4578,Zalo,CTG,CTG000382,2,725000,3,1650000,09-02-2026 11:19
628.0,HD4572,Zalo,CTG,CTG000649,9,690000,9,6210000,09-02-2026 10:47
630.0,HD4570,Zalo,PR 02,CTG000762,0,825000,0,30000,09-02-2026 10:32
632.0,HD4568,POS,PR 02,CTG000698,3,380000,3,1100000,09-02-2026 10:16
638.0,HD4562,POS,Sale Kim Yến,CTG000700,2,940000,2,1880000,08-02-2026 19:47
641.0,HD4559,POS,Sale Kim Yến,CTG000700,2,940000,2,1880000,08-02-2026 18:33
642.0,HD4558,Zalo,Sale Kim Yến,CTG000450,1,1800000,1,1840000,08-02-2026 18:15
648.0,HD4552,Zalo,Sale Kim Yến,CTG000546,2,650000,2,1340000,08-02-2026 16:02
,HD4548,POS,Sale Kim Yến,CTG000547,1,300000,6,2145000,08-02-2026 14:38
,HD4548,POS,Sale Kim Yến,BKT242382,2,550000,6,2145000,08-02-2026 14:38
,HD4546,POS,Sale Kim Yến,CTG000646,1,425000,2,3975000,08-02-2026 13:42
655.0,HD4545,POS,Sale Kim Yến,CTG000388,1,1500000,4,2529000,08-02-2026 12:54
,HD4545,POS,Sale Kim Yến,,1,200000,4,2529000,08-02-2026 12:54
662.0,HD4538,POS,Sale Kim Yến,PK0012,2,90000,6,3594000,08-02-2026 10:40
,HD4538,POS,Sale Kim Yến,CTG000649,4,891000,6,3594000,08-02-2026 10:40
664.0,HD4536,POS,Sale Kim Yến,CTG000475,1,540000,2,958000,08-02-2026 10:01
,HD4536,POS,Sale Kim Yến,CTG000493,1,418000,2,958000,08-02-2026 10:01
671.0,HD4529,POS,Sale Kim Yến,,1,700000,2,1230000,07-02-2026 18:57
,HD4529,POS,Sale Kim Yến,CTG000636,1,530000,2,1230000,07-02-2026 18:57
677.0,HD4523,POS,Sale Kim Yến,CTG000860,1,1600000,1,1600000,07-02-2026 15:59
680.0,HD4520,Zalo,Sale Kim Yến,CTG000757,5,550000,14,5361000,07-02-2026 15:28
,HD4520,Zalo,Sale Kim Yến,PK0011,4,90000,14,5361000,07-02-2026 15:28
,HD4520,Zalo,Sale Kim Yến,PK0012,2,90000,14,5361000,07-02-2026 15:28
,HD4520,Zalo,Sale Kim Yến,CTG000704,1,450000,14,5361000,07-02-2026 15:28
,HD4520,Zalo,Sale Kim Yến,CTG000376,1,514000,14,5361000,07-02-2026 15:28
,HD4520,Zalo,Sale Kim Yến,CTG000471,1,1107000,14,5361000,07-02-2026 15:28
682.0,HD4518,POS,Sale Kim Yến,CTG000547,1,300000,2,1250000,07-02-2026 14:38
683.0,HD4517,POS,Sale Kim Yến,CTG000471,1,1107000,2,1307000,07-02-2026 14:08
,HD4517,POS,Sale Kim Yến,,1,200000,2,1307000,07-02-2026 14:08
684.0,HD4516,Zalo,Sale Kim Yến,,1,150000,1,180000,07-02-2026 13:51
690.0,HD4510,Website,,CTG000674,1,2450000,2,5520000,07-02-2026 12:13
,HD4510,Website,,CTG000765,1,2970000,2,5520000,07-02-2026 12:13
,HD4509,Zalo,Sale Kim Yến,CTG000757,1,550000,2,1638000,07-02-2026 11:55
692.0,HD4508,Facebook,Sale Kim Yến,CTG000545,1,4850000,2,5551000,07-02-2026 11:22
,HD4508,Facebook,Sale Kim Yến,,1,200000,2,5551000,07-02-2026 11:22
693.0,HD4507,Zalo,Sale Kim Yến,CTG000376,1,514000,2,864000,07-02-2026 11:17
,HD4507,Zalo,Sale Kim Yến,CTG000349,1,350000,2,864000,07-02-2026 11:17
695.0,HD4505,Zalo,CTG,CTG000675,1,1300000,1,1340000,07-02-2026 10:07
698.0,HD4502,Facebook,Sale Kim Yến,CTG000757,1,550000,1,632500,07-02-2026 09:16
701.0,HD4499,Zalo,Sale Kim Yến,CTG000378,1,357000,1,377000,06-02-2026 20:49
,HD4498,POS,Sale Kim Yến,CTG000376,1,514000,32,5178800,06-02-2026 20:43
,HD4489,POS,Sale Kim Yến,CTG000700,1,940000,2,1490000,06-02-2026 19:41
713.0,HD4486,Facebook,Sale Kim Yến,CTG000471,4,1107000,6,4928000,06-02-2026 19:14
,HD4486,Facebook,Sale Kim Yến,,2,250000,6,4928000,06-02-2026 19:14
716.0,HD4483,POS,Sale Kim Yến,CTG000378,1,357000,1,357000,06-02-2026 17:52
718.0,HD4481,POS,Sale Kim Yến,CTG000393,1,1208000,2,1358000,06-02-2026 17:40
,HD4481,POS,Sale Kim Yến,,1,150000,2,1358000,06-02-2026 17:40
727.0,HD4472,POS,Sale Kim Yến,,1,950000,3,2050000,06-02-2026 16:04
,HD4471,POS,Sale Kim Yến,CTG000471,1,1107000,2,2000000,06-02-2026 15:54
729.0,HD4470,POS,Sale Kim Yến,CTG000698,2,380000,3,1480000,06-02-2026 15:45
,HD4470,POS,Sale Kim Yến,CTG000499,1,720000,3,1480000,06-02-2026 15:45
733.0,HD4466,POS,Sale Kim Yến,CTG000673,1,880000,1,880000,06-02-2026 14:35
743.0,HD4456,Zalo,CTG,,2,250000,2,550000,06-02-2026 10:53
745.0,HD4454,Zalo,Sale Kim Yến,CTG000649,10,800000,10,8000000,06-02-2026 10:32
750.0,HD4449,POS,CTG,PK0011,2,90000,2,180000,06-02-2026 09:50
751.0,HD4448,POS,CTG,CTG000649,1,891000,3,2198000,06-02-2026 09:42
,HD4448,POS,CTG,CTG000471,1,1107000,3,2198000,06-02-2026 09:42
,HD4448,POS,CTG,PK00010,1,250000,3,2198000,06-02-2026 09:42
756.0,HD4443,Zalo,CTG,CTG000649,18,891000,18,17641800,06-02-2026 01:12
759.0,HD4440,POS,Sale Kim Yến,PK00010,1,250000,3,2464000,05-02-2026 20:05
,HD4440,POS,Sale Kim Yến,CTG000471,2,1107000,3,2464000,05-02-2026 20:05
,HD4439,POS,Sale Kim Yến,CTG000700,1,940000,3,3290000,05-02-2026 20:00
776.0,HD4423,POS,Sale Kim Yến,CTG000616,1,605000,1,605000,05-02-2026 15:53
,HD4422,Zalo,CTG,CTG000388,1,1500000,2,2570000,05-02-2026 15:41
781.0,HD4418,POS,Sale Kim Yến,CTG000525,1,1390000,2,2890000,05-02-2026 12:27
,HD4418,POS,Sale Kim Yến,CTG000515,1,1500000,2,2890000,05-02-2026 12:27
784.0,HD4415,Zalo,Sale Kim Yến,CTG000378,2,357000,4,1464000,05-02-2026 11:26
,HD4415,Zalo,Sale Kim Yến,CTG000349,2,350000,4,1464000,05-02-2026 11:26
788.0,HD4411,Website,,CTG000370,2,440000,2,880000,05-02-2026 10:44
791.0,HD4408,POS,Sale Kim Yến,CTG000568,1,700000,2,800000,05-02-2026 10:17
,HD4408,POS,Sale Kim Yến,,1,100000,2,800000,05-02-2026 10:17
794.0,HD4405,POS,Sale Kim Yến,CTG000723,1,440000,1,440000,05-02-2026 09:28
810.0,HD4389,POS,Sale Kim Yến,CTG000646,1,425000,3,1865000,04-02-2026 12:22
827.0,HD4372,POS,Sale Kim Yến,CTG000349,2,350000,2,675000,03-02-2026 17:39
833.0,HD4366,POS,Sale Kim Yến,,1,200000,2,350000,03-02-2026 15:23
,HD4366,POS,Sale Kim Yến,PK0009,1,150000,2,350000,03-02-2026 15:23
836.0,HD4363,Zalo,Sale Kim Yến,PK0009,1,150000,9,5562500,03-02-2026 14:38
,HD4363,Zalo,Sale Kim Yến,CTG000757,2,550000,9,5562500,03-02-2026 14:38
,HD4363,Zalo,Sale Kim Yến,CTG000577,6,750000,9,5562500,03-02-2026 14:38
841.0,HD4358,POS,Sale Kim Yến,CTG000376,1,514000,2,964000,03-02-2026 10:17
,HD4358,POS,Sale Kim Yến,CTG000704,1,450000,2,964000,03-02-2026 10:17
846.0,HD4353,POS,CTG,CTG000646,2,425000,2,800000,02-02-2026 20:08
863.0,HD4336,POS,CTG,CTG000349,1,350000,1,350000,02-02-2026 12:41
868.0,HD4331,POS,CTG,CTG000861,1,750000,1,750000,02-02-2026 11:10
869.0,HD4330,POS,CTG,PK0009,1,150000,2,1950000,02-02-2026 10:04
,HD4330,POS,CTG,CTG000397,1,1850000,2,1950000,02-02-2026 10:04
872.0,HD4327,Facebook,Sale Kim Yến,CTG000700,1,940000,1,1010000,01-02-2026 20:11
877.0,HD4322,POS,Sale Kim Yến,CTG000616,1,605000,3,2130000,01-02-2026 16:56
,HD4322,POS,Sale Kim Yến,CTG000762,1,825000,3,2130000,01-02-2026 16:56
,HD4322,POS,Sale Kim Yến,CTG000615,1,750000,3,2130000,01-02-2026 16:56
881.0,HD4318,Zalo,Sale Kim Yến,CTG000700,2,940000,2,1880000,01-02-2026 15:54
882.0,HD4317,POS,Sale Kim Yến,PK0009,1,150000,2,1750000,01-02-2026 15:43
,HD4317,POS,Sale Kim Yến,CTG000860,1,1600000,2,1750000,01-02-2026 15:43
890.0,HD4309,POS,Sale Kim Yến,PK0009,1,150000,1,150000,01-02-2026 10:30
905.0,HD4294,POS,CTG,CTG000724,1,440000,1,390000,31-01-2026 17:33
907.0,HD4292,POS,CTG,CTG000595,1,790000,1,746500,31-01-2026 16:53
916.0,HD4283,POS,Sale Kim Yến,CTG000613,1,70000,2,140000,31-01-2026 13:25
,HD4283,POS,Sale Kim Yến,CTG000719,1,70000,2,140000,31-01-2026 13:25
922.0,HD4277,Zalo,CTG,CTG000757,4,520000,4,2288000,31-01-2026 11:15
927.0,HD4272,Facebook,CTG,CTG000700,1,940000,1,1000000,31-01-2026 10:14
928.0,HD4271,Admin,CTG,,18,1680000,18,29937600,31-01-2026 08:43
,HD4269,POS,CTG,,1,300000,15,2100000,30-01-2026 20:22
,HD4269,POS,CTG,CTG000547,2,300000,15,2100000,30-01-2026 20:22
,HD4269,POS,CTG,,3,250000,15,2100000,30-01-2026 20:22
,HD4268,POS,CTG,CTG000719,1,70000,2,1020000,30-01-2026 20:13
934.0,HD4265,POS,CTG,CTG000636,1,530000,1,530000,30-01-2026 19:30
937.0,HD4262,Zalo,CTG,CTG000606,1,314000,1,334000,30-01-2026 18:41
949.0,HD4250,POS,CTG,CTG000368,1,440000,16,13305000,30-01-2026 13:48
,HD4250,POS,CTG,CTG000722,1,440000,16,13305000,30-01-2026 13:48
,HD4250,POS,CTG,PK00010,1,250000,16,13305000,30-01-2026 13:48
,HD4250,POS,CTG,CTG000555,6,750000,16,13305000,30-01-2026 13:48
,HD4250,POS,CTG,CTG000760,6,715000,16,13305000,30-01-2026 13:48
950.0,HD4249,Facebook,CTG,CTG000588,1,800000,1,825000,30-01-2026 13:43
955.0,HD4244,Admin,CTG,CTG000441,2,2900000,10,29480000,30-01-2026 11:13
,HD4244,Admin,CTG,CTG000454,4,2650000,10,29480000,30-01-2026 11:13
,HD4244,Admin,CTG,CTG000491,4,2600000,10,29480000,30-01-2026 11:13
956.0,HD4243,Zalo,CTG,CTG000649,10,800000,10,8000000,30-01-2026 10:21
957.0,HD4242,POS,CTG,CTG000698,1,380000,1,380000,30-01-2026 10:11
958.0,HD4241,Zalo,CTG,CTG000387,1,1300000,1,1300000,30-01-2026 09:33
960.0,HD4239,POS,Sale Kim Yến,CTG000818,1,980000,6,6722100,29-01-2026 19:56
,HD4239,POS,Sale Kim Yến,CTG000471,1,1107000,6,6722100,29-01-2026 19:56
,HD4239,POS,Sale Kim Yến,CTG000761,1,715000,6,6722100,29-01-2026 19:56
,HD4239,POS,Sale Kim Yến,CTG000455,1,759000,6,6722100,29-01-2026 19:56
964.0,HD4235,Zalo,Sale Kim Yến,CTG000700,1,940000,1,1034000,29-01-2026 18:08
966.0,HD4233,Zalo,CTG,,12,350000,20,9460000,29-01-2026 15:56
,HD4233,Zalo,CTG,CTG000757,8,550000,20,9460000,29-01-2026 15:56
,HD4232,POS,Sale Kim Yến,CTG000547,2,300000,9,5330000,29-01-2026 15:43
,HD4232,POS,Sale Kim Yến,CTG000646,1,425000,9,5330000,29-01-2026 15:43
,HD4232,POS,Sale Kim Yến,CTG000508,1,410000,9,5330000,29-01-2026 15:43
,HD4220,Zalo,CTG,BKT242382,6,359500,22,11200000,28-01-2026 17:42
,HD4220,Zalo,CTG,CTG000547,5,200909,22,11200000,28-01-2026 17:42
985.0,HD4214,POS,CTG,CTG000478,1,730000,2,820000,28-01-2026 15:29
,HD4214,POS,CTG,PK0012,1,90000,2,820000,28-01-2026 15:29
986.0,HD4213,POS,CTG,CTG000478,0,730000,0,0,28-01-2026 15:28
,HD4213,POS,CTG,PK0012,0,90000,0,0,28-01-2026 15:28
,HD4212,Zalo,CTG,CTG000861,4,750000,6,7150000,28-01-2026 15:03
993.0,HD4206,POS,CTG,CTG000508,1,410000,1,410000,28-01-2026 11:12
996.0,HD4203,POS,CTG,CTG000700,1,940000,1,940000,28-01-2026 10:36
999.0,HD4200,POS,CTG,PK00010,1,200000,3,2000000,27-01-2026 16:41
,HD4200,POS,CTG,CTG000700,2,900000,3,2000000,27-01-2026 16:41
,HD4199,Zalo,CTG,CTG000649,138,690000,141,105570000,27-01-2026 16:32
1014.0,HD4185,Zalo,CTG,PK00010,1,250000,3,850000,26-01-2026 18:50
,HD4185,Zalo,CTG,CTG000547,2,300000,3,850000,26-01-2026 18:50
1015.0,HD4184,POS,CTG,CTG000756,1,550000,2,1250000,26-01-2026 18:33
,HD4184,POS,CTG,CTG000568,1,700000,2,1250000,26-01-2026 18:33
,HD4179,Facebook,CTG,,1,700000,5,2317000,26-01-2026 16:55
1022.0,HD4177,POS,CTG,CTG000700,1,940000,1,940000,26-01-2026 15:27
1023.0,HD4176,Zalo,CTG,CTG000355,1,1900000,1,2090000,26-01-2026 13:31
1025.0,HD4174,POS,CTG,CTG000593,1,790000,1,740000,26-01-2026 12:17
1034.0,HD4165,POS,Sale Kim Yến,PK0009,1,150000,10,2156000,25-01-2026 17:46
,HD4165,POS,Sale Kim Yến,CTG000650,1,850000,10,2156000,25-01-2026 17:46
,HD4161,POS,Sale Kim Yến,CTG000588,1,800000,5,5738000,25-01-2026 14:40
,HD4161,POS,Sale Kim Yến,CTG000471,1,1107000,5,5738000,25-01-2026 14:40
,HD4161,POS,Sale Kim Yến,CTG000603,1,711000,5,5738000,25-01-2026 14:40
1043.0,HD4156,Facebook,Sale Kim Yến,CTG000534,1,1220000,1,1220000,25-01-2026 11:52
1044.0,HD4155,POS,Sale Kim Yến,CTG000723,1,440000,1,399500,25-01-2026 11:20
1046.0,HD4153,POS,CTG,CTG000760,1,715000,3,2003050,25-01-2026 09:21
,HD4153,POS,CTG,PK0009,1,150000,3,2003050,25-01-2026 09:21
,HD4153,POS,CTG,CTG000473,1,1250000,3,2003050,25-01-2026 09:21
,HD4151,POS,Sale Kim Yến,CTG000370,1,440000,8,8046150,24-01-2026 20:22
,HD4151,POS,Sale Kim Yến,CTG000471,1,1107000,8,8046150,24-01-2026 20:22
1049.0,HD4150,POS,Sale Kim Yến,CTG000470,1,900000,1,900000,24-01-2026 17:38
1051.0,HD4148,POS,Sale Kim Yến,CTG000758,2,715000,2,1380000,24-01-2026 17:05
1052.0,HD4147,Zalo,CTG,CTG000547,12,200909,98,54000000,24-01-2026 15:35
,HD4147,Zalo,CTG,BKT242382,37,359500,98,54000000,24-01-2026 15:35
1054.0,HD4145,Admin,CTG,PK00010,1,250000,3,2000000,24-01-2026 14:16
,HD4145,Admin,CTG,CTG000470,2,900000,3,2000000,24-01-2026 14:16
1058.0,HD4141,POS,CTG,CTG000470,2,900000,2,1750000,24-01-2026 11:36
1060.0,HD4139,Zalo,Sale Kim Yến,CTG000700,2,940000,2,1860000,24-01-2026 10:17
1066.0,HD4133,Zalo,Sale Kim Yến,CTG000722,6,440000,6,2640000,23-01-2026 18:48
1076.0,HD4123,Zalo,Sale Kim Yến,,12,128000,12,1689600,23-01-2026 15:46
1084.0,HD4115,Zalo,Sale Kim Yến,CTG000698,1,380000,3,2005000,23-01-2026 10:59
1085.0,HD4114,POS,Sale Kim Yến,CTG000698,1,380000,1,380000,23-01-2026 10:34
1086.0,HD4113,Zalo,CTG,,8,250000,8,2200000,23-01-2026 10:19
1087.0,HD4112,Zalo,Sale Kim Yến,CTG000861,1,750000,1,810000,23-01-2026 09:18
1092.0,HD4107,POS,CTG,CTG000547,1,300000,1,300000,22-01-2026 16:12
,HD4104,POS,CTG,CTG000698,2,380000,3,1200000,22-01-2026 15:24
1100.0,HD4099,POS,Sale Kim Yến,CTG000378,1,357000,1,357000,22-01-2026 12:18
1105.0,HD4094,POS,CTG,CTG000387,1,1300000,1,1300000,21-01-2026 20:30
,HD4088,POS,CTG,CTG000646,1,425000,2,1055000,21-01-2026 16:21
1112.0,HD4087,POS,CTG,CTG000475,1,540000,1,594000,21-01-2026 15:55
1133.0,HD4066,POS,CTG,CTG000700,3,940000,3,3102000,20-01-2026 16:04
1136.0,HD4063,Zalo,CTG,CTG000606,1,314000,2,829400,20-01-2026 11:32
,HD4063,Zalo,CTG,CTG000368,1,440000,2,829400,20-01-2026 11:32
,HD4058,POS,Sale Kim Yến,CTG000552,2,800000,4,2500000,19-01-2026 19:27
1148.0,HD4051,Zalo,CTG,CTG000529,1,2520000,2,2731410,19-01-2026 11:48
,HD4051,Zalo,CTG,PK0009,1,150000,2,2731410,19-01-2026 11:48
,HD4039,POS,Sale Kim Yến,CTG000860,1,1600000,2,1600000,18-01-2026 10:03
1166.0,HD4033,POS,Sale Kim Yến,CTG000644,1,650000,1,650000,17-01-2026 18:45
1168.0,HD4031,Zalo,Sale Kim Yến,CTG000349,1,350000,1,374000,17-01-2026 17:57
1172.0,HD4027,Zalo,Sale Kim Yến,CTG000602,1,620000,1,645000,17-01-2026 14:36
1196.0,HD4003,POS,CTG,CTG000698,1,380000,1,380000,16-01-2026 09:40
,HD3992,POS,CTG,CTG000704,1,450000,2,1000000,15-01-2026 12:59
1209.0,HD3990,Facebook,CTG,,1,200000,5,4780000,15-01-2026 09:42
,HD3990,Facebook,CTG,CTG000676,1,980000,5,4780000,15-01-2026 09:42
,HD3990,Facebook,CTG,CTG000470,1,900000,5,4780000,15-01-2026 09:42
,HD3990,Facebook,CTG,CTG000700,1,900000,5,4780000,15-01-2026 09:42
1210.0,HD3989,Facebook,CTG,,1,200000,2,1185000,15-01-2026 09:41
,HD3989,Facebook,CTG,CTG000676,1,980000,2,1185000,15-01-2026 09:41
1211.0,HD3988,Facebook,CTG,,1,200000,2,1185000,15-01-2026 09:39
,HD3988,Facebook,CTG,CTG000676,1,980000,2,1185000,15-01-2026 09:39
1221.0,HD3978,POS,Sale Kim Yến,CTG000700,1,940000,1,940000,14-01-2026 18:48
1223.0,HD3976,POS,Sale Kim Yến,CTG000567,1,420000,1,420000,14-01-2026 17:35
1233.0,HD3965,Zalo,CTG,CTG000704,1,450000,1,475000,14-01-2026 10:45
1234.0,HD3964,POS,CTG,CTG000378,1,357000,2,667000,14-01-2026 09:37
,HD3964,POS,CTG,CTG000349,1,350000,2,667000,14-01-2026 09:37
1240.0,HD3958,POS,CTG,CTG000378,1,357000,2,707000,13-01-2026 14:45
,HD3958,POS,CTG,CTG000349,1,350000,2,707000,13-01-2026 14:45
1241.0,HD3957,POS,CTG,PK0001,2,200000,2,400000,13-01-2026 11:41
1242.0,HD3956,POS,CTG,CTG000521,1,950000,1,950000,13-01-2026 11:38
1246.0,HD3952,POS,Sale Kim Yến,CTG000378,1,357000,2,807000,12-01-2026 20:49
,HD3952,POS,Sale Kim Yến,CTG000704,1,450000,2,807000,12-01-2026 20:49
1260.0,HD3938,Zalo,CTG,CTG000700,1,940000,1,940000,12-01-2026 09:10
1266.0,HD3932,POS,Sale Kim Yến,CTG000546,1,650000,1,650000,11-01-2026 13:42
1267.0,HD3931,Zalo,Sale Kim Yến,CTG000724,1,440000,4,1760000,11-01-2026 10:06
,HD3931,Zalo,Sale Kim Yến,CTG000722,3,440000,4,1760000,11-01-2026 10:06
1285.0,HD3913,Zalo,Sale Kim Yến,CTG000567,1,420000,4,1740000,09-01-2026 17:06
,HD3913,Zalo,Sale Kim Yến,CTG000724,1,440000,4,1740000,09-01-2026 17:06
,HD3913,Zalo,Sale Kim Yến,CTG000368,1,440000,4,1740000,09-01-2026 17:06
,HD3913,Zalo,Sale Kim Yến,CTG000722,1,440000,4,1740000,09-01-2026 17:06
,HD3907,Admin,CTG,CTG000640,1,1291000,8,12011000,09-01-2026 14:06
,HD3907,Admin,CTG,CTG000675,1,1300000,8,12011000,09-01-2026 14:06
,HD3907,Admin,CTG,CTG000591,1,480000,8,12011000,09-01-2026 14:06
,HD3907,Admin,CTG,CTG000585,1,830000,8,12011000,09-01-2026 14:06
,HD3907,Admin,CTG,CTG000555,1,750000,8,12011000,09-01-2026 14:06
1298.0,HD3900,Zalo,CTG,CTG000860,1,1600000,1,1600000,09-01-2026 09:43
1299.0,HD3899,POS,CTG,CTG000698,1,380000,1,330000,09-01-2026 09:30
1302.0,HD3896,POS,CTG,CTG000470,1,900000,1,900000,08-01-2026 16:55
1304.0,HD3894,POS,CTG,CTG000508,1,410000,1,400000,08-01-2026 16:14
1309.0,HD3889,Zalo,CTG,CTG000378,1,357000,1,500000,08-01-2026 09:36
1319.0,HD3879,POS,CTG,CTG000700,2,940000,2,1880000,06-01-2026 17:47
1327.0,HD3871,Admin,Sale Kim Yến,CTG000764,1,913000,2,1658000,05-01-2026 12:26
,HD3871,Admin,Sale Kim Yến,CTG000760,1,715000,2,1658000,05-01-2026 12:26
1338.0,HD3860,Website,,CTG000378,1,357000,2,807000,04-01-2026 12:18
,HD3860,Website,,CTG000704,1,450000,2,807000,04-01-2026 12:18
1343.0,HD3855,POS,Sale Kim Yến,PK0012,1,90000,2,630000,03-01-2026 19:14
,HD3855,POS,Sale Kim Yến,CTG000475,1,540000,2,630000,03-01-2026 19:14
1347.0,HD3851,POS,Sale Kim Yến,CTG000470,1,900000,1,900000,03-01-2026 12:17
1351.0,HD3847,POS,Sale Kim Yến,CTG000760,2,715000,2,1380000,03-01-2026 09:34
1360.0,HD3838,POS,Sale Kim Yến,CTG000704,1,450000,1,450000,02-01-2026 17:29
1368.0,HD3830,POS,Sale Kim Yến,CTG000757,1,550000,1,550000,01-01-2026 17:58
1369.0,HD3829,POS,Sale Kim Yến,CTG000758,1,715000,1,715000,01-01-2026 17:35
1371.0,HD3827,POS,Sale Kim Yến,CTG000568,1,700000,1,700000,01-01-2026 15:55
1374.0,HD3824,POS,Sale Kim Yến,CTG000698,1,380000,1,380000,01-01-2026 10:18
1386.0,HD3811,POS,Sale Kim Yến,CTG000635,1,644000,1,644000,31-12-2025 17:33
1387.0,HD3810,POS,Sale Kim Yến,CTG000635,1,644000,1,594000,31-12-2025 17:29
,HD3808,Admin,CTG,BKT242382,14,346000,265,55000000,31-12-2025 17:07
,HD3808,Admin,CTG,BKT241308,17,620000,265,55000000,31-12-2025 17:07
1390.0,HD3806,Zalo,Sale Kim Yến,CTG000651,0,850000,0,0,31-12-2025 16:20
1392.0,HD3804,POS,Sale Kim Yến,CTG000359,1,380000,1,380000,31-12-2025 16:01
1395.0,HD3801,Zalo,Sale Kim Yến,CTG000470,1,900000,1,920000,31-12-2025 14:58
1398.0,HD3798,POS,Sale Kim Yến,CTG000555,1,750000,1,750000,31-12-2025 14:10
1403.0,HD3793,Facebook,CTG,CTG000355,1,1900000,1,1930000,31-12-2025 10:17
1404.0,HD3792,POS,CTG,CTG000378,1,357000,2,807000,31-12-2025 10:11
,HD3792,POS,CTG,CTG000704,1,450000,2,807000,31-12-2025 10:11
1417.0,HD3779,POS,Sale Kim Yến,CTG000378,1,357000,1,392700,29-12-2025 18:51
1430.0,HD3766,POS,Sale Kim Yến,CTG000356,1,229000,1,229000,28-12-2025 12:01
1434.0,HD3762,POS,Sale Kim Yến,CTG000646,2,425000,2,824500,28-12-2025 10:01
1435.0,HD3761,POS,Sale Kim Yến,CTG000606,1,314000,18,6881180,27-12-2025 21:40
,HD3761,POS,Sale Kim Yến,CTG000370,1,460000,18,6881180,27-12-2025 21:40
,HD3761,POS,Sale Kim Yến,CTG000724,1,460000,18,6881180,27-12-2025 21:40
1442.0,HD3754,POS,Sale Kim Yến,CTG000758,1,715000,1,715000,27-12-2025 15:09
1443.0,HD3753,Facebook,Sale Kim Yến,CTG000646,2,425000,5,2950000,27-12-2025 11:10
,HD3753,Facebook,Sale Kim Yến,CTG000614,3,690000,5,2950000,27-12-2025 11:10
1450.0,HD3746,POS,Sale Kim Yến,CTG000470,1,900000,1,900000,26-12-2025 17:21
1452.0,HD3744,POS,Sale Kim Yến,CTG000508,1,410000,1,410000,26-12-2025 15:29
1454.0,HD3742,POS,CTG,CTG000455,6,759000,6,4200000,26-12-2025 11:53
1462.0,HD3733,Zalo,Sale Kim Yến,CTG000733,36,350000,36,11818000,25-12-2025 16:18
1469.0,HD3726,Zalo,Sale Kim Yến,CTG000506,12,760000,12,8714000,25-12-2025 09:10
1471.0,HD3724,POS,CTG,CTG000613,1,70000,3,890000,24-12-2025 21:05
,HD3724,POS,CTG,CTG000555,1,750000,3,890000,24-12-2025 21:05
,HD3724,POS,CTG,CTG000719,1,70000,3,890000,24-12-2025 21:05
1473.0,HD3722,POS,CTG,CTG000700,1,940000,1,890000,24-12-2025 17:41
,HD3721,POS,CTG,CTG000475,1,540000,2,590000,24-12-2025 17:08
,HD3720,Zalo,CTG,CTG000722,2,400000,4,2025000,24-12-2025 16:41
1478.0,HD3717,Zalo,Sale Kim Yến,CTG000443,1,2330000,1,2330000,24-12-2025 10:05
1479.0,HD3716,POS,Sale Kim Yến,CTG000698,1,380000,1,380000,24-12-2025 09:38
1480.0,HD3715,Zalo,Sale Kim Yến,CTG000578,1,950000,2,1850000,24-12-2025 09:24
,HD3715,Zalo,Sale Kim Yến,CTG000470,1,900000,2,1850000,24-12-2025 09:24
1481.0,HD3714,Facebook,Sale Kim Yến,CTG000757,1,550000,1,580000,24-12-2025 09:18
1485.0,HD3710,Zalo,Sale Kim Yến,CTG000606,4,314000,6,1920688,23-12-2025 17:24
,HD3710,Zalo,Sale Kim Yến,CTG000362,2,300000,6,1920688,23-12-2025 17:24
1487.0,HD3708,POS,Sale Kim Yến,CTG000432,1,1850000,1,1850000,23-12-2025 16:46
1495.0,HD3700,Zalo,CTG,CTG000471,2,1107000,3,2564000,23-12-2025 09:59
,HD3700,Zalo,CTG,CTG000349,1,350000,3,2564000,23-12-2025 09:59
1496.0,HD3699,POS,Sale Kim Yến,CTG000649,1,891000,1,891000,22-12-2025 21:06
,HD3695,POS,CTG,CTG000757,1,550000,3,650000,22-12-2025 16:13
1506.0,HD3688,Facebook,Sale Kim Yến,CTG000700,1,940000,1,955000,22-12-2025 11:29
1508.0,HD3686,POS,Sale Kim Yến,PK0004,1,150000,2,2365000,22-12-2025 10:18
,HD3686,POS,Sale Kim Yến,CTG000507,1,2000000,2,2365000,22-12-2025 10:18
1514.0,HD3680,POS,Sale Kim Yến,CTG000758,2,715000,2,1430000,21-12-2025 18:33
1522.0,HD3672,Zalo,Sale Kim Yến,CTG000368,1,460000,3,1420000,20-12-2025 19:37
,HD3672,Zalo,Sale Kim Yến,CTG000370,1,460000,3,1420000,20-12-2025 19:37
,HD3672,Zalo,Sale Kim Yến,CTG000724,1,460000,3,1420000,20-12-2025 19:37
1524.0,HD3670,POS,Sale Kim Yến,CTG000378,1,357000,1,357000,20-12-2025 19:28
1527.0,HD3667,POS,Sale Kim Yến,CTG000376,1,514000,2,964000,20-12-2025 17:17
,HD3667,POS,Sale Kim Yến,CTG000704,1,450000,2,964000,20-12-2025 17:17
1533.0,HD3661,Zalo,Sale Kim Yến,CTG000700,1,940000,3,3027000,20-12-2025 11:18
,HD3661,Zalo,Sale Kim Yến,CTG000471,1,1107000,3,3027000,20-12-2025 11:18
,HD3661,Zalo,Sale Kim Yến,CTG000817,1,980000,3,3027000,20-12-2025 11:18
1534.0,HD3660,POS,Sale Kim Yến,CTG000760,1,715000,1,715000,20-12-2025 10:31
1535.0,HD3659,Zalo,Sale Kim Yến,PK0004,1,150000,2,1950000,20-12-2025 09:32
,HD3659,Zalo,Sale Kim Yến,CTG000391,1,1800000,2,1950000,20-12-2025 09:32
1546.0,HD3648,POS,Sale Kim Yến,CTG000698,1,380000,1,330000,19-12-2025 09:37
1549.0,HD3645,Zalo,CTG,,12,128000,12,1658880,18-12-2025 18:58
1556.0,HD3637,POS,Sale Kim Yến,CTG000613,2,70000,4,1890000,18-12-2025 13:38
1564.0,HD3628,Admin,CTG,CTG000493,240,418000,2880,552000000,17-12-2025 15:06
1571.0,HD3621,POS,Sale Kim Yến,CTG000349,1,350000,1,350000,16-12-2025 18:45
1576.0,HD3616,Zalo,Sale Kim Yến,PK00010,0,200000,2,1950000,16-12-2025 11:04
,HD3606,POS,Sale Kim Yến,CTG000482,1,570000,3,1958000,14-12-2025 17:08
1593.0,HD3599,POS,Sale Kim Yến,CTG000471,1,1107000,1,1107000,13-12-2025 18:47
1604.0,HD3588,Zalo,CTG,CTG000757,115,495000,277,123561900,12-12-2025 18:53
,HD3588,Zalo,CTG,CTG000647,162,342000,277,123561900,12-12-2025 18:53
1614.0,HD3578,POS,Sale Kim Yến,CTG000698,1,380000,1,380000,12-12-2025 10:17
1617.0,HD3575,Website,,CTG000356,1,229000,1,269000,11-12-2025 19:58
1618.0,HD3574,Zalo,Sale Kim Yến,CTG000470,1,900000,3,3033000,11-12-2025 19:44
,HD3574,Zalo,Sale Kim Yến,CTG000764,1,913000,3,3033000,11-12-2025 19:44
1620.0,HD3572,POS,Sale Kim Yến,CTG000382,1,735000,1,735000,11-12-2025 18:34
1622.0,HD3570,POS,Sale Kim Yến,CTG000556,1,540000,1,540000,11-12-2025 18:04
1625.0,HD3567,POS,Sale Kim Yến,CTG000724,1,460000,1,460000,11-12-2025 14:30
1628.0,HD3564,POS,Sale Kim Yến,CTG000378,1,357000,1,357000,10-12-2025 18:32
1629.0,HD3563,POS,Sale Kim Yến,CTG000717,1,650000,1,650000,10-12-2025 17:46
1635.0,HD3557,POS,CTG,CTG000700,1,940000,1,890000,10-12-2025 09:47
1639.0,HD3553,Website,,CTG000378,1,357000,2,901000,09-12-2025 15:31
,HD3553,Website,,CTG000376,1,514000,2,901000,09-12-2025 15:31
1643.0,HD3549,POS,Sale Kim Yến,CTG000698,1,380000,1,330000,08-12-2025 13:44
1645.0,HD3547,Zalo,Sale Kim Yến,CTG000704,1,450000,1,470000,08-12-2025 11:29
1646.0,HD3546,POS,Sale Kim Yến,CTG000758,1,715000,1,786500,08-12-2025 11:09
1648.0,HD3544,POS,Sale Kim Yến,CTG000698,1,380000,2,805000,07-12-2025 17:47
,HD3542,POS,Sale Kim Yến,CTG000757,1,550000,4,1150000,07-12-2025 16:20
1655.0,HD3537,POS,Sale Kim Yến,CTG000373,1,835000,1,835000,07-12-2025 10:01
1661.0,HD3531,POS,Sale Kim Yến,CTG000700,1,940000,1,940000,06-12-2025 17:49
1666.0,HD3525,Zalo,Sale Kim Yến,CTG000499,2,700000,2,1540000,06-12-2025 12:21
1669.0,HD3522,POS,Sale Kim Yến,CTG000704,1,450000,2,964000,06-12-2025 09:16
,HD3522,POS,Sale Kim Yến,CTG000376,1,514000,2,964000,06-12-2025 09:16
1679.0,HD3512,POS,Sale Kim Yến,CTG000760,1,715000,1,715000,05-12-2025 15:21
,HD3508,POS,Sale Kim Yến,CTG000649,1,891000,2,1441000,04-12-2025 20:18
1683.0,HD3507,POS,Sale Kim Yến,CTG000470,1,900000,1,900000,04-12-2025 19:01
1693.0,HD3497,POS,CTG,CTG000349,1,350000,1,350000,03-12-2025 16:13
1696.0,HD3494,POS,Sale Kim Yến,CTG000628,2,650000,2,1300000,03-12-2025 13:32
1703.0,HD3487,Zalo,CTG,CTG000349,1,350000,1,367000,02-12-2025 15:41
1708.0,HD3482,Website,,CTG000724,1,460000,1,492500,02-12-2025 10:34
1718.0,HD3472,Zalo,Sale Kim Yến,CTG000716,6,1507000,6,8137800,01-12-2025 15:31
1728.0,HD3462,POS,Sale Kim Yến,CTG000470,1,900000,1,810000,30-11-2025 15:52
1731.0,HD3459,POS,Sale Kim Yến,CTG000378,1,357000,1,321300,30-11-2025 11:49
1734.0,HD3456,POS,Sale Kim Yến,CTG000698,1,380000,1,342000,29-11-2025 20:05
1736.0,HD3454,POS,Sale Kim Yến,CTG000649,1,891000,2,2016900,29-11-2025 16:59
,HD3454,POS,Sale Kim Yến,CTG000481,1,1350000,2,2016900,29-11-2025 16:59
,HD3446,POS,Sale Kim Yến,PK0005,6,200000,10,1320000,29-11-2025 09:46
,HD3439,POS,CTG,PK0001,6,190000,7,1535250,28-11-2025 18:44
1753.0,HD3436,Zalo,CTG,CTG000470,6,900000,6,4900000,28-11-2025 14:43
1759.0,HD3430,Zalo,Sale Kim Yến,CTG000376,1,514000,2,867600,27-11-2025 16:44
,HD3430,Zalo,Sale Kim Yến,CTG000704,1,450000,2,867600,27-11-2025 16:44
1774.0,HD3415,POS,CTG,CTG000719,1,70000,3,210000,25-11-2025 19:48
,HD3415,POS,CTG,CTG000613,2,70000,3,210000,25-11-2025 19:48
1776.0,HD3413,POS,CTG,CTG000723,1,460000,1,506000,25-11-2025 17:21
,HD3409,POS,CTG,CTG000368,1,460000,37,13505000,25-11-2025 11:28
1781.0,HD3408,POS,CTG,CTG000376,1,514000,1,514000,25-11-2025 09:50
1790.0,HD3399,Zalo,Sale Kim Yến,CTG000754,1,430000,2,980000,23-11-2025 18:18
,HD3399,Zalo,Sale Kim Yến,CTG000756,1,550000,2,980000,23-11-2025 18:18
1792.0,HD3397,POS,Sale Kim Yến,CTG000375,1,795000,1,795000,23-11-2025 15:14
1802.0,HD3387,Zalo,Sale Kim Yến,,18,250000,18,4950000,22-11-2025 15:32
1812.0,HD3377,Admin,CTG,CTG000577,1,750000,1,637500,21-11-2025 17:22
1814.0,HD3375,POS,CTG,CTG000700,2,940000,2,2068000,21-11-2025 14:29
,HD3369,Facebook,CTG,CTG000646,1,425000,4,2165000,21-11-2025 11:42
,HD3369,Facebook,CTG,CTG000673,1,880000,4,2165000,21-11-2025 11:42
1825.0,HD3363,Zalo,Sale Kim Yến,CTG000471,12,940000,13,19980000,20-11-2025 17:23
1832.0,HD3356,Zalo,Sale Kim Yến,CTG000353,1,1200000,1,1240000,19-11-2025 20:39
1833.0,HD3355,Website,,CTG000365,0,1280000,0,0,19-11-2025 20:12
1836.0,HD3352,POS,Sale Kim Yến,CTG000700,1,940000,1,940000,19-11-2025 18:37
1841.0,HD3347,POS,CTG,CTG000700,1,940000,1,1034000,19-11-2025 10:36
1843.0,HD3345,Zalo,CTG,CTG000442,1,2500000,1,2779700,18-11-2025 17:23
1844.0,HD3344,Website,,CTG000767,0,3245000,0,0,18-11-2025 16:58
1849.0,HD3339,POS,CTG,CTG000745,1,750000,4,2200000,18-11-2025 14:21
,HD3339,POS,CTG,CTG000577,1,750000,4,2200000,18-11-2025 14:21
,HD3339,POS,CTG,CTG000758,1,715000,4,2200000,18-11-2025 14:21
,HD3339,POS,CTG,CTG000757,1,550000,4,2200000,18-11-2025 14:21
1850.0,HD3338,POS,CTG,PK0004,2,150000,8,5995000,18-11-2025 12:57
,HD3338,POS,CTG,CTG000555,2,750000,8,5995000,18-11-2025 12:57
,HD3338,POS,CTG,CTG000700,4,940000,8,5995000,18-11-2025 12:57
1859.0,HD3328,Facebook,Sale Kim Yến,PK00010,1,250000,3,3450000,17-11-2025 14:27
,HD3328,Facebook,Sale Kim Yến,CTG000502,2,1590000,3,3450000,17-11-2025 14:27
1862.0,HD3325,POS,CTG,CTG000376,1,514000,1,514000,17-11-2025 09:30
1865.0,HD3322,POS,Sale Kim Yến,CTG000470,1,900000,1,900000,16-11-2025 18:43
1866.0,HD3321,POS,Sale Kim Yến,CTG000764,1,913000,1,913000,16-11-2025 18:04
1872.0,HD3314,Zalo,Sale Kim Yến,CTG000400,2,4800000,4,21054000,16-11-2025 16:55
,HD3314,Zalo,Sale Kim Yến,CTG000479,2,4770000,4,21054000,16-11-2025 16:55
,HD3313,POS,Sale Kim Yến,CTG000860,4,1600000,5,6743000,16-11-2025 14:47
1874.0,HD3312,Zalo,CTG,CTG000481,1,1350000,3,3132000,16-11-2025 13:53
,HD3312,Zalo,CTG,CTG000649,2,891000,3,3132000,16-11-2025 13:53
1876.0,HD3310,POS,Sale Kim Yến,CTG000352,1,1500000,1,1500000,16-11-2025 10:41
1879.0,HD3307,POS,Sale Kim Yến,CTG000700,1,940000,2,1490000,16-11-2025 09:46
,HD3307,POS,Sale Kim Yến,CTG000757,1,550000,2,1490000,16-11-2025 09:46
1881.0,HD3305,POS,Sale Kim Yến,CTG000860,3,1600000,3,4560000,15-11-2025 21:22
1887.0,HD3299,Zalo,Sale Kim Yến,CTG000426,1,710000,2,1355000,15-11-2025 17:26
,HD3299,Zalo,Sale Kim Yến,CTG000430,1,595000,2,1355000,15-11-2025 17:26
1888.0,HD3298,POS,Sale Kim Yến,CTG000382,2,735000,2,1470000,15-11-2025 17:03
1891.0,HD3295,POS,Sale Kim Yến,CTG000555,1,750000,2,1290000,15-11-2025 15:55
,HD3295,POS,Sale Kim Yến,CTG000556,1,540000,2,1290000,15-11-2025 15:55
1900.0,HD3286,Zalo,CTG,CTG000649,2,891000,2,1807000,14-11-2025 18:46
1902.0,HD3284,POS,Sale Kim Yến,CTG000700,2,940000,2,1823600,14-11-2025 17:40
,HD3281,POS,CTG,CTG000635,1,644000,4,2385000,14-11-2025 11:23
,HD3281,POS,CTG,CTG000649,1,891000,4,2385000,14-11-2025 11:23
,HD3281,POS,CTG,PK00010,1,250000,4,2385000,14-11-2025 11:23
1913.0,HD3273,POS,Sale Kim Yến,CTG000704,1,450000,2,964000,13-11-2025 13:11
,HD3273,POS,Sale Kim Yến,CTG000376,1,514000,2,964000,13-11-2025 13:11
1926.0,HD3259,POS,Sale Kim Yến,CTG000378,1,357000,1,357000,12-11-2025 12:09
1935.0,HD3250,Zalo,CTG,CTG000376,3,514000,3,1408380,11-11-2025 14:40
1960.0,HD3225,POS,CTG,CTG000475,1,540000,1,594000,10-11-2025 16:34
1966.0,HD3219,POS,Sale Kim Yến,CTG000743,1,390000,1,390000,09-11-2025 18:13
1973.0,HD3212,POS,Sale Kim Yến,CTG000573,1,800000,1,800000,09-11-2025 16:20
1984.0,HD3201,POS,Sale Kim Yến,CTG000517,2,831000,5,3953400,09-11-2025 09:26
,HD3201,POS,Sale Kim Yến,CTG000516,3,644000,5,3953400,09-11-2025 09:26
1991.0,HD3194,POS,Sale Kim Yến,CTG000376,1,514000,1,514000,08-11-2025 17:20
1993.0,HD3192,POS,Sale Kim Yến,CTG000378,1,357000,1,357000,08-11-2025 14:46
,HD3187,Website,,CTG000860,2,1600000,3,6835000,08-11-2025 11:48
,HD3184,POS,Sale Kim Yến,CTG000723,1,460000,2,1030000,08-11-2025 09:48
2011.0,HD3174,Zalo,CTG,CTG000362,6,280000,6,1848000,07-11-2025 10:46
2013.0,HD3172,POS,CTG,CTG000698,1,380000,1,330000,07-11-2025 09:58
2030.0,HD3155,POS,Sale Kim Yến,CTG000470,6,900000,6,4860000,04-11-2025 16:41
2033.0,HD3152,POS,CTG,CTG000565,1,1150000,1,1150000,04-11-2025 09:13
2036.0,HD3149,POS,Sale Kim Yến,CTG000700,1,940000,1,940000,03-11-2025 17:47
2044.0,HD3141,POS,Sale Kim Yến,CTG000370,1,460000,1,460000,02-11-2025 11:19
2045.0,HD3140,POS,Sale Kim Yến,CTG000568,2,700000,2,1375000,02-11-2025 11:12
2051.0,HD3134,Zalo,Sale Kim Yến,CTG000649,1,891000,1,941000,01-11-2025 14:40
2054.0,HD3131,POS,Sale Kim Yến,CTG000743,1,390000,6,640000,01-11-2025 12:26
2058.0,HD3127,Website,,CTG000633,1,740000,1,777000,01-11-2025 09:55
2059.0,HD3125,POS,Sale Kim Yến,CTG000651,1,850000,2,1280000,31-10-2025 19:39
2063.0,HD3121,POS,Sale Kim Yến,CTG000700,1,940000,1,940000,31-10-2025 15:18
2069.0,HD3115,POS,Sale Kim Yến,CTG000817,1,980000,2,1871000,30-10-2025 18:27
,HD3115,POS,Sale Kim Yến,CTG000649,1,891000,2,1871000,30-10-2025 18:27
,HD3107,POS,CTG,CTG000724,1,460000,2,1060000,30-10-2025 09:29
2085.0,HD3099,Zalo,CTG,CTG000700,1,940000,1,940000,29-10-2025 10:59
2092.0,HD3092,Website,,CTG000378,1,357000,1,357000,28-10-2025 12:30
2108.0,HD3076,POS,CTG,CTG000378,1,357000,1,357000,25-10-2025 18:37
2113.0,HD3071,POS,CTG,CTG000758,1,715000,1,715000,25-10-2025 13:48
2114.0,HD3070,Zalo,CTG,CTG000603,2,711000,2,1422000,25-10-2025 13:27
2115.0,HD3069,POS,CTG,CTG000483,1,570000,2,1120000,25-10-2025 11:12
,HD3069,POS,CTG,CTG000757,1,550000,2,1120000,25-10-2025 11:12
2117.0,HD3067,POS,CTG,CTG000698,1,380000,1,380000,25-10-2025 10:09
2131.0,HD3052,Zalo,CTG,CTG000436,1,1550000,1,1575000,23-10-2025 18:46
2132.0,HD3051,Zalo,CTG,CTG000754,4,430000,4,1892000,23-10-2025 13:29
2140.0,HD3042,Zalo,CTG,CTG000651,18,850000,48,23942700,22-10-2025 10:15
,HD3042,Zalo,CTG,CTG000471,6,1107000,48,23942700,22-10-2025 10:15
,HD3042,Zalo,CTG,PK0002,12,290000,48,23942700,22-10-2025 10:15
,HD3042,Zalo,CTG,PK0001,12,200000,48,23942700,22-10-2025 10:15
2141.0,HD3041,POS,Sale Kim Yến,CTG000635,2,644000,2,1288000,21-10-2025 18:28
2148.0,HD3034,Zalo,CTG,CTG000704,1,450000,1,450000,21-10-2025 12:19
2149.0,HD3033,Zalo,CTG,CTG000441,1,2900000,1,2900000,21-10-2025 11:36
2154.0,HD3028,Zalo,Sale Kim Yến,CTG000628,1,650000,1,650000,20-10-2025 21:02
2156.0,HD3025,POS,Sale Kim Yến,CTG000376,1,514000,2,964000,20-10-2025 18:09
,HD3025,POS,Sale Kim Yến,CTG000704,1,450000,2,964000,20-10-2025 18:09
2162.0,HD3019,Zalo,Sale Kim Yến,CTG000442,1,2600000,1,2889700,20-10-2025 13:49
2163.0,HD3018,POS,CTG,CTG000376,2,514000,2,1028000,20-10-2025 12:45
2166.0,HD3015,Zalo,Sale Kim Yến,CTG000704,1,450000,1,495000,19-10-2025 21:33
2167.0,HD3014,POS,Sale Kim Yến,CTG000700,1,940000,1,940000,19-10-2025 21:31
2171.0,HD3010,Facebook,Sale Kim Yến,CTG000700,1,940000,1,940000,19-10-2025 16:10
2175.0,HD3006,POS,Sale Kim Yến,CTG000471,1,1107000,19,16838100,18-10-2025 19:59
,HD3006,POS,Sale Kim Yến,CTG000402,1,1380000,19,16838100,18-10-2025 19:59
,HD3006,POS,Sale Kim Yến,CTG000388,1,1500000,19,16838100,18-10-2025 19:59
,HD3006,POS,Sale Kim Yến,CTG000447,1,1480000,19,16838100,18-10-2025 19:59
,HD3006,POS,Sale Kim Yến,CTG000640,1,1291000,19,16838100,18-10-2025 19:59
,HD3006,POS,Sale Kim Yến,CTG000722,2,440000,19,16838100,18-10-2025 19:59
,HD3006,POS,Sale Kim Yến,CTG000724,1,460000,19,16838100,18-10-2025 19:59
,HD3006,POS,Sale Kim Yến,CTG000370,1,460000,19,16838100,18-10-2025 19:59
,HD3006,POS,Sale Kim Yến,CTG000368,2,460000,19,16838100,18-10-2025 19:59
,HD3006,POS,Sale Kim Yến,CTG000817,1,980000,19,16838100,18-10-2025 19:59
,HD3006,POS,Sale Kim Yến,CTG000555,1,750000,19,16838100,18-10-2025 19:59
,HD3006,POS,Sale Kim Yến,CTG000624,1,795000,19,16838100,18-10-2025 19:59
,HD3006,POS,Sale Kim Yến,CTG000764,1,913000,19,16838100,18-10-2025 19:59
,HD3006,POS,Sale Kim Yến,CTG000623,1,890000,19,16838100,18-10-2025 19:59
,HD3006,POS,Sale Kim Yến,CTG000651,1,850000,19,16838100,18-10-2025 19:59
,HD3006,POS,Sale Kim Yến,CTG000514,1,2753000,19,16838100,18-10-2025 19:59
,HD3006,POS,Sale Kim Yến,CTG000387,1,1300000,19,16838100,18-10-2025 19:59
2183.0,HD2998,POS,Sale Kim Yến,CTG000349,1,350000,1,350000,18-10-2025 17:09
2190.0,HD2991,POS,Sale Kim Yến,CTG000704,1,450000,2,964000,18-10-2025 09:26
,HD2991,POS,Sale Kim Yến,CTG000376,1,514000,2,964000,18-10-2025 09:26
2194.0,HD2987,POS,CTG,CTG000378,1,357000,1,357000,17-10-2025 19:48
,HD2986,POS,Sale Kim Yến,CTG000763,1,913000,2,2413000,17-10-2025 17:55
2196.0,HD2985,POS,Sale Kim Yến,CTG000757,1,550000,1,550000,17-10-2025 17:40
2198.0,HD2983,Website,,CTG000700,1,940000,1,1025000,17-10-2025 17:17
2204.0,HD2977,POS,Sale Kim Yến,CTG000378,1,357000,1,357000,17-10-2025 11:48
2205.0,HD2976,POS,Sale Kim Yến,CTG000376,2,514000,2,1028000,17-10-2025 11:40
2207.0,HD2974,POS,Sale Kim Yến,CTG000758,1,715000,2,1655000,16-10-2025 18:54
,HD2974,POS,Sale Kim Yến,CTG000700,1,940000,2,1655000,16-10-2025 18:54
2210.0,HD2971,POS,Sale Kim Yến,CTG000376,1,514000,1,514000,16-10-2025 18:36
,HD2961,POS,CTG,CTG000378,1,357000,2,407000,15-10-2025 18:53
2225.0,HD2956,POS,CTG,CTG000704,1,450000,1,450000,15-10-2025 11:14
,HD2948,Admin,CTG,CTG000362,3,175000,10,721000,13-10-2025 13:17
2240.0,HD2940,POS,Sale Kim Yến,CTG000757,1,550000,2,1194000,11-10-2025 19:10
,HD2940,POS,Sale Kim Yến,CTG000635,1,644000,2,1194000,11-10-2025 19:10
2250.0,HD2930,POS,Sale Kim Yến,CTG000698,1,380000,1,380000,11-10-2025 09:43
2251.0,HD2929,POS,Sale Kim Yến,CTG000433,1,490000,3,600000,10-10-2025 21:40
2256.0,HD2924,POS,CTG,CTG000700,1,940000,1,940000,10-10-2025 19:23
2261.0,HD2919,POS,,CTG000378,1,357000,2,707000,10-10-2025 16:38
,HD2919,POS,,CTG000349,1,350000,2,707000,10-10-2025 16:38
2274.0,HD2905,POS,,CTG000509,1,6280000,1,6908000,08-10-2025 16:09
2275.0,HD2904,POS,,CTG000509,0,6280000,0,0,08-10-2025 16:02
2280.0,HD2899,Zalo,,CTG000756,1,550000,1,550000,08-10-2025 13:39
2283.0,HD2896,POS,,CTG000863,1,1050000,1,1000000,08-10-2025 11:29
2287.0,HD2892,POS,Sale Kim Yến,CTG000700,1,940000,1,940000,07-10-2025 20:39
2289.0,HD2890,POS,Sale Kim Yến,CTG000753,1,430000,1,430000,07-10-2025 15:34
2290.0,HD2889,Website,,CTG000698,1,380000,1,395000,07-10-2025 15:33
,HD2887,Website,,CTG000717,1,650000,2,1560000,07-10-2025 11:33
2293.0,HD2886,Website,,CTG000755,1,430000,1,435000,07-10-2025 10:24
2294.0,HD2885,POS,,CTG000760,1,715000,2,1430000,07-10-2025 09:36
,HD2885,POS,,CTG000758,1,715000,2,1430000,07-10-2025 09:36
2299.0,HD2880,POS,,CTG000410,1,5100000,1,5441700,06-10-2025 18:01
2302.0,HD2877,Zalo,Sale Kim Yến,CTG000556,1,540000,1,563000,06-10-2025 16:14
2303.0,HD2876,POS,Sale Kim Yến,CTG000378,1,357000,1,357000,06-10-2025 16:11
2308.0,HD2871,POS,Sale Kim Yến,CTG000506,1,760000,1,760000,04-10-2025 21:10
2315.0,HD2863,Zalo,Sale Kim Yến,CTG000704,1,450000,1,470000,03-10-2025 14:34
2330.0,HD2848,Zalo,Sale Kim Yến,CTG000817,1,980000,1,1005000,01-10-2025 11:24
2341.0,HD2837,Zalo,,CTG000470,6,900000,6,5022000,29-09-2025 14:30
2348.0,HD2830,Facebook,Sale Kim Yến,CTG000378,1,357000,2,742000,28-09-2025 12:47
,HD2830,Facebook,Sale Kim Yến,CTG000349,1,350000,2,742000,28-09-2025 12:47
,HD2826,POS,Sale Kim Yến,CTG000704,1,450000,3,1204000,28-09-2025 11:08
,HD2826,POS,Sale Kim Yến,CTG000376,1,514000,3,1204000,28-09-2025 11:08
2355.0,HD2823,Zalo,,CTG000743,1,390000,1,405000,27-09-2025 18:10
2357.0,HD2821,POS,,CTG000382,1,735000,1,710000,27-09-2025 16:21
,HD2820,POS,,CTG000649,1,891000,2,991800,27-09-2025 12:46
2367.0,HD2811,POS,,CTG000863,6,3254000,6,18938280,26-09-2025 17:20
2380.0,HD2797,POS,,CTG000376,1,514000,2,964000,24-09-2025 17:58
,HD2797,POS,,CTG000704,1,450000,2,964000,24-09-2025 17:58
2399.0,HD2777,Zalo,Sale Kim Yến,CTG000723,1,460000,1,470000,22-09-2025 15:39
2400.0,HD2776,POS,,CTG000578,1,950000,1,950000,22-09-2025 12:55
2402.0,HD2773,Facebook,Sale Kim Yến,CTG000757,2,550000,2,1130000,22-09-2025 11:14
2406.0,HD2769,POS,,CTG000753,1,430000,1,408750,21-09-2025 18:38
2411.0,HD2764,POS,,CTG000527,1,2200000,1,2200000,21-09-2025 12:25
2415.0,HD2760,Admin,Sale Kim Yến,CTG000378,1,357000,1,357000,20-09-2025 21:17
2422.0,HD2753,POS,Sale Kim Yến,CTG000629,1,690000,3,1865000,20-09-2025 19:42
,HD2753,POS,Sale Kim Yến,CTG000724,1,460000,3,1865000,20-09-2025 19:42
,HD2753,POS,Sale Kim Yến,CTG000759,1,715000,3,1865000,20-09-2025 19:42
2428.0,HD2746,POS,,CTG000583,1,516000,2,990000,20-09-2025 11:48
,HD2746,POS,,CTG000582,1,474000,2,990000,20-09-2025 11:48
2429.0,HD2745,Facebook,,CTG000743,1,390000,2,790000,20-09-2025 10:25
,HD2745,Facebook,,CTG000698,1,380000,2,790000,20-09-2025 10:25
2440.0,HD2734,POS,Sale Kim Yến,CTG000376,1,514000,1,484000,19-09-2025 13:14
2441.0,HD2733,Zalo,,CTG000376,0,514000,0,0,19-09-2025 12:04
2442.0,HD2732,POS,,CTG000583,1,516000,2,1276000,18-09-2025 19:45
,HD2732,POS,,CTG000506,1,760000,2,1276000,18-09-2025 19:45
2447.0,HD2727,POS,,CTG000723,2,460000,2,920000,18-09-2025 13:58
2452.0,HD2721,POS,Sale Kim Yến,CTG000359,2,380000,2,760000,17-09-2025 19:31
,HD2716,POS,Sale Kim Yến,CTG000755,1,430000,5,662000,17-09-2025 10:13
,HD2711,POS,Sale Kim Yến,CTG000534,1,1220000,2,4520000,16-09-2025 18:39
2474.0,HD2699,Zalo,,CTG000704,1,450000,1,467000,15-09-2025 16:15
2475.0,HD2698,Zalo,Sale Kim Yến,CTG000754,1,430000,1,430000,15-09-2025 15:27
2481.0,HD2692,POS,Sale Kim Yến,CTG000402,1,1380000,1,1380000,14-09-2025 19:51
,HD2690,POS,Sale Kim Yến,CTG000369,1,220000,3,921500,14-09-2025 18:33
2484.0,HD2688,POS,Sale Kim Yến,CTG000349,1,350000,2,682000,14-09-2025 15:27
,HD2688,POS,Sale Kim Yến,CTG000378,1,357000,2,682000,14-09-2025 15:27
2488.0,HD2684,Zalo,Sale Kim Yến,CTG000760,1,715000,1,735000,14-09-2025 09:51
2492.0,HD2680,POS,,CTG000470,2,900000,6,6919000,13-09-2025 19:24
,HD2680,POS,,CTG000700,1,940000,6,6919000,13-09-2025 19:24
,HD2680,POS,,CTG000534,1,1220000,6,6919000,13-09-2025 19:24
,HD2680,POS,,CTG000402,1,1380000,6,6919000,13-09-2025 19:24
,HD2680,POS,,CTG000521,1,950000,6,6919000,13-09-2025 19:24
2500.0,HD2671,Zalo,,CTG000760,1,715000,2,1430000,12-09-2025 19:20
,HD2671,Zalo,,CTG000759,1,715000,2,1430000,12-09-2025 19:20
2507.0,HD2664,Zalo,Sale Kim Yến,CTG000760,1,715000,1,740000,12-09-2025 11:28
2512.0,HD2659,Website,,CTG000376,1,514000,1,514000,11-09-2025 14:19
2513.0,HD2657,POS,,CTG000508,1,410000,1,410000,11-09-2025 11:28
2516.0,HD2654,POS,,CTG000767,6,3245000,6,18496500,10-09-2025 17:48
,HD2651,POS,,CTG000767,2,3245000,7,23788000,10-09-2025 15:38
2526.0,HD2644,Zalo,Sale Kim Yến,CTG000698,1,380000,1,405000,09-09-2025 16:59
,HD2638,POS,Sale Kim Yến,CTG000698,1,380000,3,1510000,08-09-2025 20:29
2536.0,HD2634,Zalo,Sale Kim Yến,CTG000722,4,440000,5,1936000,08-09-2025 15:26
2544.0,HD2626,POS,,CTG000349,1,350000,1,350000,07-09-2025 10:46
2546.0,HD2624,POS,,CTG000378,1,357000,1,392700,07-09-2025 10:33
2550.0,HD2620,Zalo,,CTG000651,6,850000,6,4947000,06-09-2025 17:28
2551.0,HD2619,POS,,CTG000635,1,644000,2,1594000,06-09-2025 14:40
,HD2619,POS,,CTG000578,1,950000,2,1594000,06-09-2025 14:40
2554.0,HD2616,POS,,CTG000700,1,940000,2,1655000,06-09-2025 10:58
,HD2616,POS,,CTG000758,1,715000,2,1655000,06-09-2025 10:58
2558.0,HD2612,POS,,CTG000378,1,357000,2,707000,05-09-2025 17:42
,HD2612,POS,,CTG000349,1,350000,2,707000,05-09-2025 17:42
2565.0,HD2604,Zalo,,CTG000600,1,650000,1,715000,04-09-2025 16:26
2567.0,HD2602,Website,,CTG000817,1,980000,1,995000,04-09-2025 12:58
2571.0,HD2598,POS,Sale Kim Yến,CTG000743,1,390000,1,390000,03-09-2025 18:01
2575.0,HD2594,POS,Sale Kim Yến,CTG000753,1,430000,1,430000,03-09-2025 13:21
2584.0,HD2583,POS,Sale Kim Yến,CTG000376,1,514000,2,939000,02-09-2025 13:26
,HD2583,POS,Sale Kim Yến,CTG000704,1,450000,2,939000,02-09-2025 13:26
2594.0,HD2573,POS,Sale Kim Yến,CTG000426,1,710000,1,710000,31-08-2025 13:49
2603.0,HD2564,POS,CTG,CTG000698,1,380000,7,630000,30-08-2025 11:24
2606.0,HD2561,Facebook,Sale Kim Yến,CTG000754,1,430000,1,440000,29-08-2025 19:34
2607.0,HD2560,POS,,CTG000754,2,430000,2,860000,29-08-2025 17:39
2613.0,HD2554,POS,,CTG000817,1,980000,3,2860000,29-08-2025 13:48
,HD2554,POS,,CTG000700,2,940000,3,2860000,29-08-2025 13:48
2624.0,HD2543,POS,Sale Kim Yến,CTG000754,1,430000,1,430000,28-08-2025 17:22
2625.0,HD2542,POS,Sale Kim Yến,CTG000719,11,70000,11,770000,28-08-2025 16:51
,HD2540,POS,Sale Kim Yến,CTG000016,1,150000,3,700000,28-08-2025 11:19
,HD2540,POS,Sale Kim Yến,CTG000755,1,430000,3,700000,28-08-2025 11:19
2632.0,HD2535,POS,,CTG000646,1,425000,1,425000,27-08-2025 18:30
2634.0,HD2533,Admin,,CTG000016,10,150000,11,6400000,27-08-2025 13:27
2639.0,HD2528,POS,Sale Kim Yến,CTG000753,1,430000,1,430000,26-08-2025 19:56
2648.0,HD2519,POS,,CTG000698,1,380000,1,380000,25-08-2025 16:19
2653.0,HD2514,POS,,CTG000757,1,550000,1,550000,24-08-2025 20:30
2658.0,HD2509,POS,,CTG000753,1,430000,3,1893000,24-08-2025 11:44
,HD2509,POS,,CTG000757,1,550000,3,1893000,24-08-2025 11:44
,HD2509,POS,,CTG000764,1,913000,3,1893000,24-08-2025 11:44
2659.0,HD2508,POS,,CTG000704,1,450000,2,964000,24-08-2025 10:35
,HD2508,POS,,CTG000376,1,514000,2,964000,24-08-2025 10:35
2667.0,HD2500,POS,Sale Kim Yến,CTG000745,2,750000,3,1880000,23-08-2025 16:30
,HD2500,POS,Sale Kim Yến,CTG000698,1,380000,3,1880000,23-08-2025 16:30
2669.0,HD2498,POS,Sale Kim Yến,CTG000759,1,715000,2,1935000,23-08-2025 15:24
,HD2498,POS,Sale Kim Yến,CTG000534,1,1220000,2,1935000,23-08-2025 15:24
2680.0,HD2487,POS,,CTG000349,1,350000,1,350000,22-08-2025 15:32
,HD2486,POS,,CTG000379,1,1600000,2,1720000,22-08-2025 14:38
2698.0,HD2469,POS,,CTG000745,1,750000,1,750000,19-08-2025 17:31
2703.0,HD2464,POS,,CTG000760,1,715000,1,715000,18-08-2025 14:32
2714.0,HD2453,POS,,CTG000578,1,950000,2,900000,16-08-2025 18:07
,HD2453,POS,,CTG000470,1,900000,2,900000,16-08-2025 18:07
2717.0,HD2450,Zalo,,CTG000760,1,715000,1,760000,16-08-2025 14:32
2719.0,HD2448,POS,,CTG000698,1,380000,1,380000,16-08-2025 11:40
2724.0,HD2443,Zalo,,CTG000733,12,350000,12,3906000,15-08-2025 19:24
2734.0,HD2433,POS,CTG,CTG000745,1,750000,3,2680000,14-08-2025 16:01
,HD2433,POS,CTG,CTG000556,1,540000,3,2680000,14-08-2025 16:01
,HD2433,POS,CTG,CTG000438,1,1390000,3,2680000,14-08-2025 16:01
2735.0,HD2432,POS,Sale Kim Yến,CTG000745,0,750000,0,0,14-08-2025 15:59
,HD2432,POS,Sale Kim Yến,CTG000556,0,540000,0,0,14-08-2025 15:59
,HD2432,POS,Sale Kim Yến,CTG000438,0,1390000,0,0,14-08-2025 15:59
2741.0,HD2426,POS,CTG,CTG000758,1,715000,1,715000,14-08-2025 09:20
2756.0,HD2411,POS,Sale Kim Yến,CTG000704,1,450000,1,450000,12-08-2025 13:02
2757.0,HD2410,POS,Sale Kim Yến,CTG000704,1,450000,1,450000,12-08-2025 11:11
2758.0,HD2409,Zalo,Sale Kim Yến,CTG000554,2,1850000,3,4000000,12-08-2025 10:48
2773.0,HD2394,POS,,CTG000698,1,380000,1,380000,10-08-2025 17:50
2785.0,HD2382,POS,Sale Kim Yến,CTG000470,1,900000,1,900000,09-08-2025 12:45
2786.0,HD2381,POS,Sale Kim Yến,CTG000470,0,900000,0,0,09-08-2025 12:44
2787.0,HD2380,POS,,CTG000516,1,644000,1,644000,09-08-2025 11:18
2790.0,HD2377,POS,,CTG000628,1,650000,1,650000,08-08-2025 19:03
2797.0,HD2370,Zalo,,CTG000758,1,715000,1,793100,08-08-2025 13:04
2798.0,HD2369,Zalo,,CTG000704,1,450000,1,476000,08-08-2025 09:44
2801.0,HD2366,Zalo,CTG,CTG000649,4,891000,4,3920400,07-08-2025 13:28
2804.0,HD2363,Zalo,Sale Kim Yến,CTG000649,0,891000,0,0,07-08-2025 11:30
2805.0,HD2362,Zalo,Sale Kim Yến,CTG000378,1,357000,1,377000,06-08-2025 19:05
,HD2349,Zalo,Sale Kim Yến,CTG000606,2,314000,3,1073000,05-08-2025 13:09
2820.0,HD2347,Zalo,,CTG000349,2,350000,2,700000,05-08-2025 10:46
2821.0,HD2346,POS,,CTG000470,6,900000,6,5022000,05-08-2025 09:44
2822.0,HD2345,POS,,CTG000698,2,380000,2,740000,05-08-2025 09:41
2833.0,HD2334,Zalo,,CTG000482,1,570000,3,1460000,02-08-2025 18:11
,HD2334,Zalo,,CTG000754,2,430000,3,1460000,02-08-2025 18:11
2840.0,HD2327,POS,,CTG000470,1,900000,1,900000,01-08-2025 20:49
2846.0,HD2321,POS,,CTG000649,1,891000,2,2491000,01-08-2025 20:19
,HD2321,POS,,CTG000379,1,1600000,2,2491000,01-08-2025 20:19
2850.0,HD2317,POS,,CTG000646,1,425000,1,425000,01-08-2025 19:32
2855.0,HD2312,Zalo,,CTG000722,1,460000,1,482500,01-08-2025 13:33
2860.0,HD2307,POS,,CTG000723,1,460000,1,460000,31-07-2025 19:21
2861.0,HD2306,POS,,CTG000722,1,460000,1,460000,31-07-2025 19:20
2863.0,HD2304,POS,Sale Kim Yến,CTG000470,2,900000,2,1800000,31-07-2025 18:30
2864.0,HD2303,POS,Sale Kim Yến,CTG000698,1,380000,1,380000,31-07-2025 17:50
2866.0,HD2301,POS,,CTG000506,1,760000,3,1947000,31-07-2025 13:53
,HD2301,POS,,CTG000556,1,540000,3,1947000,31-07-2025 13:53
,HD2301,POS,,CTG000555,1,750000,3,1947000,31-07-2025 13:53
2867.0,HD2300,POS,Sale Kim Yến,CTG000470,1,900000,1,940500,31-07-2025 11:01
2870.0,HD2297,Zalo,Sale Kim Yến,CTG000470,1,900000,1,924000,31-07-2025 10:06
2877.0,HD2290,POS,,CTG000704,1,450000,2,964000,30-07-2025 15:55
,HD2290,POS,,CTG000376,1,514000,2,964000,30-07-2025 15:55
2880.0,HD2287,Zalo,,CTG000578,12,950000,12,12540000,30-07-2025 11:48
2885.0,HD2282,Zalo,,CTG000578,0,950000,0,0,29-07-2025 17:19
2887.0,HD2280,POS,,CTG000698,1,380000,1,300000,29-07-2025 11:06
2888.0,HD2279,POS,,CTG000704,1,450000,2,964000,29-07-2025 09:13
,HD2279,POS,,CTG000376,1,514000,2,964000,29-07-2025 09:13
2890.0,HD2277,POS,,CTG000471,1,1107000,1,995000,28-07-2025 13:47
2900.0,HD2267,POS,,CTG000470,1,900000,1,900000,27-07-2025 16:48
2904.0,HD2263,Zalo,,CTG000722,1,460000,5,2225000,27-07-2025 10:41
,HD2263,Zalo,,CTG000370,2,460000,5,2225000,27-07-2025 10:41
,HD2263,Zalo,,CTG000724,1,460000,5,2225000,27-07-2025 10:41
,HD2263,Zalo,,CTG000723,1,460000,5,2225000,27-07-2025 10:41
2917.0,HD2250,Facebook,,CTG000662,1,500000,4,2120000,25-07-2025 18:48
,HD2250,Facebook,,CTG000475,3,540000,4,2120000,25-07-2025 18:48
2920.0,HD2247,Zalo,,CTG000362,5,300000,5,1597500,25-07-2025 12:58
2921.0,HD2246,Zalo,,CTG000548,3,1440000,4,4686000,25-07-2025 12:53
2924.0,HD2243,Zalo,Sale Kim Yến,CTG000576,1,1100000,2,2000000,25-07-2025 10:00
,HD2243,Zalo,Sale Kim Yến,CTG000575,1,1100000,2,2000000,25-07-2025 10:00
2925.0,HD2242,Zalo,Sale Kim Yến,CTG000575,0,1100000,0,0,25-07-2025 09:03
,HD2242,Zalo,Sale Kim Yến,CTG000576,0,1100000,0,0,25-07-2025 09:03
2927.0,HD2240,POS,Sale Kim Yến,CTG000660,1,950000,2,1709000,24-07-2025 17:47
,HD2240,POS,Sale Kim Yến,CTG000455,1,759000,2,1709000,24-07-2025 17:47
2929.0,HD2238,POS,Sale Kim Yến,CTG000757,1,550000,1,550000,23-07-2025 19:31
2931.0,HD2236,POS,Sale Kim Yến,CTG000636,1,530000,1,530000,23-07-2025 19:17
2936.0,HD2231,Zalo,Sale Kim Yến,CTG000743,1,390000,1,407000,22-07-2025 20:33
2937.0,HD2230,Zalo,Sale Kim Yến,CTG000743,0,390000,0,0,22-07-2025 20:30
2938.0,HD2229,POS,Sale Kim Yến,CTG000700,1,940000,1,1034000,22-07-2025 18:44
2945.0,HD2222,POS,,CTG000758,1,715000,1,715000,21-07-2025 20:31
2946.0,HD2221,Zalo,Sale Kim Yến,CTG000662,1,500000,1,500000,21-07-2025 16:50
2947.0,HD2220,Zalo,Sale Kim Yến,CTG000620,3,600000,24,11421000,21-07-2025 14:14
,HD2220,Zalo,Sale Kim Yến,CTG000662,12,500000,24,11421000,21-07-2025 14:14
,HD2220,Zalo,Sale Kim Yến,CTG000638,6,490000,24,11421000,21-07-2025 14:14
,HD2220,Zalo,Sale Kim Yến,CTG000628,3,650000,24,11421000,21-07-2025 14:14
2950.0,HD2217,POS,,CTG000743,1,390000,1,390000,20-07-2025 18:06
2955.0,HD2212,POS,Sale Kim Yến,CTG000376,1,514000,1,514000,19-07-2025 17:37
2957.0,HD2210,POS,Sale Kim Yến,CTG000700,1,940000,1,940000,19-07-2025 14:49
2960.0,HD2207,POS,Sale Kim Yến,CTG000613,1,70000,9,745000,19-07-2025 11:23
2963.0,HD2204,POS,,CTG000378,1,357000,2,700000,18-07-2025 16:41
,HD2204,POS,,CTG000349,1,350000,2,700000,18-07-2025 16:41
2970.0,HD2197,POS,,CTG000662,1,500000,1,500000,17-07-2025 20:38
2971.0,HD2196,POS,,CTG000724,1,460000,2,1012000,17-07-2025 14:08
,HD2196,POS,,CTG000722,1,460000,2,1012000,17-07-2025 14:08
2973.0,HD2194,POS,,CTG000349,2,350000,2,700000,17-07-2025 09:18
2975.0,HD2192,Zalo,,CTG000704,1,450000,1,476000,16-07-2025 09:15
2976.0,HD2191,POS,,CTG000349,1,350000,2,864000,16-07-2025 09:11
,HD2191,POS,,CTG000376,1,514000,2,864000,16-07-2025 09:11
2979.0,HD2188,POS,,CTG000470,1,900000,1,900000,15-07-2025 18:44
2981.0,HD2186,POS,CTG,CTG000753,1,430000,1,430000,15-07-2025 14:44
2982.0,HD2185,POS,,CTG000501,1,690000,1,690000,14-07-2025 16:44
2987.0,HD2180,POS,,CTG000698,1,350000,1,350000,14-07-2025 10:31
2988.0,HD2179,POS,,CTG000550,1,2000000,1,2000000,13-07-2025 18:31
2990.0,HD2177,POS,Sale Kim Yến,CTG000616,2,605000,4,2290000,13-07-2025 15:06
,HD2177,POS,Sale Kim Yến,CTG000475,2,540000,4,2290000,13-07-2025 15:06
2994.0,HD2173,POS,Sale Kim Yến,CTG000378,1,357000,1,357000,13-07-2025 11:09
,HD2168,POS,Sale Kim Yến,CTG000534,1,1220000,2,1750000,11-07-2025 19:40
3000.0,HD2167,POS,Sale Kim Yến,CTG000013,1,285000,1,285000,11-07-2025 19:30
3006.0,HD2161,POS,CTG,CTG000613,1,70000,2,600000,10-07-2025 19:32
3007.0,HD2160,POS,CTG,CTG000369,1,220000,4,321500,10-07-2025 19:28
,HD2160,POS,CTG,CTG000613,1,70000,4,321500,10-07-2025 19:28
,HD2160,POS,CTG,CTG000719,1,70000,4,321500,10-07-2025 19:28
3015.0,HD2152,POS,CTG,CTG000722,1,460000,1,422500,10-07-2025 13:35
3020.0,HD2147,POS,Sale Kim Yến,CTG000745,1,750000,1,750000,09-07-2025 20:05
3023.0,HD2144,Website,Sale Kim Yến,CTG000735,1,180000,1,180000,09-07-2025 16:19
3026.0,HD2141,Website,,CTG000743,1,390000,2,786000,09-07-2025 10:30
,HD2141,Website,,CTG000698,1,350000,2,786000,09-07-2025 10:30
3030.0,HD2137,POS,Sale Kim Yến,CTG000640,2,1291000,2,2582000,08-07-2025 14:47
3031.0,HD2136,POS,,CTG000743,1,390000,1,390000,08-07-2025 13:39
3036.0,HD2131,POS,,CTG000382,1,735000,1,700000,07-07-2025 18:46
3038.0,HD2129,POS,Sale Kim Yến,CTG000700,1,940000,1,1034000,07-07-2025 16:41
3045.0,HD2122,POS,Sale Kim Yến,CTG000521,2,665000,3,1453500,06-07-2025 17:14
3048.0,HD2119,POS,,CTG000704,1,450000,1,450000,06-07-2025 12:27
,HD2117,POS,Sale Kim Yến,CTG000376,1,514000,5,694000,06-07-2025 10:11
3057.0,HD2110,Zalo,,CTG000602,1,620000,2,1050000,05-07-2025 09:21
,HD2110,Zalo,,CTG000359,1,380000,2,1050000,05-07-2025 09:21
3060.0,HD2107,POS,,CTG000425,1,600000,1,600000,04-07-2025 19:53
3062.0,HD2105,POS,,CTG000613,2,70000,2,140000,04-07-2025 18:12
3065.0,HD2102,POS,,CTG000743,1,390000,2,1140000,04-07-2025 17:12
,HD2102,POS,,CTG000555,1,750000,2,1140000,04-07-2025 17:12
3066.0,HD2101,POS,,CTG000578,1,950000,2,1464000,04-07-2025 16:18
,HD2101,POS,,CTG000376,1,514000,2,1464000,04-07-2025 16:18
3072.0,HD2095,POS,Sale Kim Yến,CTG000745,1,750000,3,2035000,03-07-2025 17:27
,HD2095,POS,Sale Kim Yến,CTG000743,1,390000,3,2035000,03-07-2025 17:27
,HD2095,POS,Sale Kim Yến,CTG000426,1,710000,3,2035000,03-07-2025 17:27
3075.0,HD2092,POS,Sale Kim Yến,CTG000516,1,644000,5,1634000,02-07-2025 19:38
3088.0,HD2079,POS,Sale Kim Yến,CTG000700,1,940000,1,940000,01-07-2025 15:36
,HD2077,Admin,CTG,CTG000391,4,1800000,8,8448000,01-07-2025 10:03
,HD2076,Zalo,Sale Kim Yến,CTG000391,0,1800000,0,0,01-07-2025 09:57
,HD2074,Zalo,,CTG000584,1,980000,11,1450000,30-06-2025 19:05
3094.0,HD2073,POS,,CTG000541,1,1300000,2,2200000,30-06-2025 18:05
,HD2073,POS,,CTG000470,1,900000,2,2200000,30-06-2025 18:05
3096.0,HD2071,POS,,CTG000349,1,350000,4,2430000,30-06-2025 13:53
,HD2071,POS,,CTG000745,1,750000,4,2430000,30-06-2025 13:53
,HD2071,POS,,CTG000743,1,390000,4,2430000,30-06-2025 13:53
,HD2071,POS,,CTG000700,1,940000,4,2430000,30-06-2025 13:53
3097.0,HD2070,POS,,CTG000700,1,940000,1,940000,30-06-2025 13:22
3098.0,HD2069,POS,,CTG000743,1,390000,1,390000,29-06-2025 19:57
3103.0,HD2064,POS,Sale Kim Yến,CTG000471,1,1107000,1,1107000,28-06-2025 20:40
,HD2059,POS,Sale Kim Yến,CTG000013,1,285000,11,9551000,28-06-2025 12:02
,HD2059,POS,Sale Kim Yến,CTG000420,1,2100000,11,9551000,28-06-2025 12:02
,HD2059,POS,Sale Kim Yến,CTG000477,1,1600000,11,9551000,28-06-2025 12:02
,HD2059,POS,Sale Kim Yến,CTG000555,1,750000,11,9551000,28-06-2025 12:02
,HD2059,POS,Sale Kim Yến,CTG000636,1,530000,11,9551000,28-06-2025 12:02
,HD2059,POS,Sale Kim Yến,CTG000642,1,660000,11,9551000,28-06-2025 12:02
3113.0,HD2054,POS,CTG,CTG000745,1,750000,1,750000,27-06-2025 20:30
3116.0,HD2051,POS,CTG,CTG000745,1,750000,1,750000,27-06-2025 19:55
3119.0,HD2048,POS,CTG,CTG000660,1,950000,2,1545000,27-06-2025 18:48
,HD2048,POS,CTG,CTG000430,1,595000,2,1545000,27-06-2025 18:48
3123.0,HD2044,Zalo,,CTG000480,1,630000,1,635100,27-06-2025 15:09
,HD2039,POS,,CTG000376,1,514000,2,574000,27-06-2025 11:47
3136.0,HD2031,POS,,CTG000644,1,650000,2,1550000,26-06-2025 14:56
,HD2031,POS,,CTG000465,1,900000,2,1550000,26-06-2025 14:56
3149.0,HD2018,Facebook,Sale Kim Yến,CTG000440,1,1950000,2,2085000,24-06-2025 17:39
3156.0,HD2011,POS,Sale Kim Yến,CTG000613,1,70000,1,70000,23-06-2025 19:25
,HD2010,POS,Sale Kim Yến,CTG000566,1,793000,3,1904110,23-06-2025 19:20
3163.0,HD2004,POS,,CTG000382,1,735000,1,735000,23-06-2025 11:49
3167.0,HD2000,POS,,CTG000641,1,799800,1,799800,22-06-2025 17:27
3172.0,HD1995,POS,Sale Kim Yến,CTG000378,1,357000,1,357000,21-06-2025 10:47
3179.0,HD1988,POS,Sale Kim Yến,CTG000378,1,357000,1,357000,20-06-2025 15:35
3191.0,HD1976,POS,Sale Kim Yến,CTG000378,1,357000,1,357000,18-06-2025 18:42
3203.0,HD1964,POS,,CTG000626,1,850000,1,850000,17-06-2025 17:24
3205.0,HD1962,POS,,CTG000704,1,450000,1,450000,17-06-2025 16:03
3208.0,HD1959,POS,Sale Kim Yến,CTG000704,1,450000,2,915800,17-06-2025 10:18
,HD1959,POS,Sale Kim Yến,CTG000376,1,514000,2,915800,17-06-2025 10:18
3226.0,HD1941,POS,Sale Kim Yến,CTG000719,1,70000,1,70000,14-06-2025 19:21
3227.0,HD1940,POS,Sale Kim Yến,CTG000363,1,1150000,1,1150000,14-06-2025 18:11
,HD1932,Zalo,Sale Kim Yến,,1,0,3,3826000,13-06-2025 14:38
3249.0,HD1918,POS,,CTG000378,2,357000,2,714000,12-06-2025 12:25
3251.0,HD1916,POS,Sale Kim Yến,CTG000546,1,650000,1,650000,11-06-2025 18:47
3252.0,HD1915,Zalo,Sale Kim Yến,CTG000377,1,990000,3,1697000,11-06-2025 10:05
,HD1915,Zalo,Sale Kim Yến,CTG000378,1,357000,3,1697000,11-06-2025 10:05
,HD1915,Zalo,Sale Kim Yến,CTG000349,1,350000,3,1697000,11-06-2025 10:05
3256.0,HD1911,POS,,CTG000433,1,490000,1,490000,10-06-2025 13:22
,HD1909,POS,Sale Kim Yến,CTG000376,1,514000,3,1204000,10-06-2025 11:03
,HD1909,POS,Sale Kim Yến,CTG000704,1,450000,3,1204000,10-06-2025 11:03
3261.0,HD1906,POS,,CTG000517,1,831000,2,1540000,09-06-2025 17:43
,HD1906,POS,,CTG000562,1,709000,2,1540000,09-06-2025 17:43
3263.0,HD1904,Zalo,Sale Kim Yến,CTG000470,1,900000,1,920000,09-06-2025 16:28
3274.0,HD1893,POS,,CTG000470,1,900000,1,900000,07-06-2025 17:13
3275.0,HD1892,POS,,CTG000492,1,1350000,1,1350000,07-06-2025 16:29
3277.0,HD1890,POS,,CTG000719,2,70000,2,140000,07-06-2025 12:54
3282.0,HD1885,POS,Sale Kim Yến,CTG000475,1,540000,1,540000,06-06-2025 09:40
3283.0,HD1884,POS,Sale Kim Yến,CTG000698,2,350000,2,700000,06-06-2025 09:16
,HD1876,POS,,CTG000349,3,350000,5,1569000,05-06-2025 15:20
3295.0,HD1872,POS,Sale Kim Yến,CTG000376,1,514000,3,1997000,05-06-2025 12:50
,HD1872,POS,Sale Kim Yến,CTG000552,1,930000,3,1997000,05-06-2025 12:50
,HD1872,POS,Sale Kim Yến,CTG000426,1,710000,3,1997000,05-06-2025 12:50
3305.0,HD1862,POS,Sale Kim Yến,CTG000471,1,1107000,1,1107000,03-06-2025 19:30
3306.0,HD1861,POS,Sale Kim Yến,CTG000471,1,1107000,1,1107000,03-06-2025 18:53
3315.0,HD1852,POS,Sale Kim Yến,CTG000433,1,490000,1,490000,01-06-2025 14:19
3316.0,HD1851,Admin,Sale Kim Yến,CTG000376,1,514000,2,539000,01-06-2025 10:41
3319.0,HD1848,POS,Sale Kim Yến,CTG000532,1,685000,1,685000,31-05-2025 17:19
3320.0,HD1847,Zalo,,CTG000649,2,891000,2,1780000,31-05-2025 16:42
3321.0,HD1846,POS,Sale Kim Yến,CTG000465,1,900000,2,1850000,31-05-2025 15:46
,HD1846,POS,Sale Kim Yến,CTG000660,1,950000,2,1850000,31-05-2025 15:46
3322.0,HD1845,POS,,CTG000638,1,490000,4,2048000,31-05-2025 13:39
,HD1845,POS,,CTG000403,1,498000,4,2048000,31-05-2025 13:39
,HD1845,POS,,CTG000483,1,570000,4,2048000,31-05-2025 13:39
,HD1845,POS,,CTG000433,1,490000,4,2048000,31-05-2025 13:39
3335.0,HD1832,POS,,,1,186000,2,372000,29-05-2025 09:40
,HD1832,POS,,CTG000637,1,186000,2,372000,29-05-2025 09:40
3337.0,HD1830,POS,,CTG000522,1,1200000,1,720000,28-05-2025 13:37
3338.0,HD1829,POS,Sale Kim Yến,CTG000615,1,570000,4,2285000,28-05-2025 13:24
,HD1829,POS,Sale Kim Yến,CTG000430,1,595000,4,2285000,28-05-2025 13:24
,HD1829,POS,Sale Kim Yến,CTG000559,1,570000,4,2285000,28-05-2025 13:24
3339.0,HD1828,POS,Sale Kim Yến,CTG000539,1,768000,2,1452000,27-05-2025 17:31
,HD1828,POS,Sale Kim Yến,CTG000639,1,684000,2,1452000,27-05-2025 17:31
3340.0,HD1827,POS,Sale Kim Yến,CTG000596,1,380000,1,380000,27-05-2025 14:59
3342.0,HD1825,Facebook,,CTG000569,1,450000,2,807600,26-05-2025 20:47
,HD1825,Facebook,,CTG000452,1,342600,2,807600,26-05-2025 20:47
3344.0,HD1823,POS,Sale Kim Yến,CTG000632,1,540000,1,540000,26-05-2025 09:50
3353.0,HD1814,POS,Sale Kim Yến,CTG000580,1,280000,2,640000,25-05-2025 10:01
,HD1814,POS,Sale Kim Yến,CTG000424,1,360000,2,640000,25-05-2025 10:01
3355.0,HD1812,POS,,CTG000622,1,414000,1,414000,24-05-2025 20:36
3356.0,HD1811,POS,,CTG000505,1,1040000,2,1284000,24-05-2025 20:23
,HD1811,POS,,CTG000575,1,1100000,2,1284000,24-05-2025 20:23
3357.0,HD1810,Admin,,CTG000398,1,390000,2,726000,24-05-2025 17:55
,HD1810,Admin,,CTG000512,1,336000,2,726000,24-05-2025 17:55
3358.0,HD1809,POS,,CTG000639,1,684000,6,3246600,24-05-2025 17:51
,HD1809,POS,,CTG000414,1,660000,6,3246600,24-05-2025 17:51
,HD1809,POS,,CTG000512,1,336000,6,3246600,24-05-2025 17:51
,HD1809,POS,,CTG000496,1,450000,6,3246600,24-05-2025 17:51
,HD1809,POS,,CTG000428,1,774000,6,3246600,24-05-2025 17:51
,HD1809,POS,,CTG000452,1,342600,6,3246600,24-05-2025 17:51
3359.0,HD1808,POS,,CTG000539,1,768000,2,1188000,24-05-2025 15:46
,HD1808,POS,,CTG000567,1,420000,2,1188000,24-05-2025 15:46
3363.0,HD1804,POS,,CTG000378,1,357000,1,357000,24-05-2025 11:42
3366.0,HD1801,Zalo,,CTG000651,5,850000,5,4037500,24-05-2025 11:08
3369.0,HD1798,POS,,CTG000698,2,350000,2,700000,24-05-2025 10:12
,HD1797,POS,,CTG000483,1,570000,3,940000,24-05-2025 10:04
,HD1797,POS,,CTG000437,1,270000,3,940000,24-05-2025 10:04
3377.0,HD1790,Admin,,CTG000624,1,456000,4,1713000,23-05-2025 16:07
,HD1790,Admin,,CTG000643,1,390000,4,1713000,23-05-2025 16:07
,HD1790,Admin,,CTG000648,1,387000,4,1713000,23-05-2025 16:07
,HD1790,Admin,,CTG000591,1,480000,4,1713000,23-05-2025 16:07
3379.0,HD1788,POS,Sale Kim Yến,CTG000704,1,450000,1,436500,23-05-2025 12:57
3382.0,HD1785,POS,,CTG000518,1,342000,2,832000,22-05-2025 19:32
,HD1785,POS,,CTG000638,1,490000,2,832000,22-05-2025 19:32
3388.0,HD1779,Facebook,Sale Kim Yến,CTG000563,1,530400,2,1140400,22-05-2025 14:23
,HD1779,Facebook,Sale Kim Yến,CTG000564,1,576000,2,1140400,22-05-2025 14:23
3389.0,HD1778,POS,,CTG000589,1,282000,6,2499000,22-05-2025 12:29
,HD1778,POS,,CTG000403,1,498000,6,2499000,22-05-2025 12:29
,HD1778,POS,,CTG000358,1,348000,6,2499000,22-05-2025 12:29
,HD1778,POS,,CTG000567,1,420000,6,2499000,22-05-2025 12:29
,HD1778,POS,,CTG000612,1,561000,6,2499000,22-05-2025 12:29
,HD1778,POS,,CTG000398,1,390000,6,2499000,22-05-2025 12:29
3392.0,HD1775,Zalo,,CTG000440,6,1950000,6,11100000,21-05-2025 17:37
3394.0,HD1773,Zalo,,CTG000735,12,180000,12,2376000,21-05-2025 17:22
3400.0,HD1767,Zalo,,CTG000384,2,1070000,3,2260000,20-05-2025 17:58
,HD1767,Zalo,,,1,120000,3,2260000,20-05-2025 17:58
3403.0,HD1764,Zalo,,CTG000436,2,1550000,9,4969400,20-05-2025 16:01
,HD1764,Zalo,,CTG000733,6,320000,9,4969400,20-05-2025 16:01
,HD1764,Zalo,,,1,120000,9,4969400,20-05-2025 16:01
3405.0,HD1762,Zalo,,CTG000470,12,900000,12,9936000,20-05-2025 09:37
3407.0,HD1760,POS,,CTG000013,1,285000,1,285000,18-05-2025 19:43
3414.0,HD1753,POS,Sale Kim Yến,CTG000617,1,240000,1,240000,17-05-2025 09:55
3418.0,HD1749,Website,,CTG000394,1,393000,1,443000,16-05-2025 18:46
3424.0,HD1743,Website,,CTG000564,1,576000,1,576000,16-05-2025 12:14
3425.0,HD1742,Website,,CTG000564,0,576000,0,0,16-05-2025 12:05
3428.0,HD1739,POS,,CTG000430,1,595000,1,595000,15-05-2025 15:39
3431.0,HD1736,POS,,CTG000704,1,450000,1,436000,15-05-2025 12:50
3434.0,HD1733,Zalo,,CTG000599,3,650000,5,3607000,15-05-2025 09:59
,HD1733,Zalo,,CTG000600,2,650000,5,3607000,15-05-2025 09:59
3437.0,HD1730,Zalo,,CTG000384,2,1070000,3,2240000,14-05-2025 15:33
3441.0,HD1726,POS,Sale Kim Yến,CTG000541,1,1300000,2,1990000,13-05-2025 18:25
,HD1726,POS,Sale Kim Yến,CTG000501,1,690000,2,1990000,13-05-2025 18:25
3443.0,HD1724,Website,,CTG000704,1,450000,1,455000,13-05-2025 15:59
3444.0,HD1723,Zalo,,CTG000471,6,1107000,6,5645700,13-05-2025 14:45
3452.0,HD1715,Zalo,,CTG000649,6,891000,6,5000000,13-05-2025 10:29
3455.0,HD1712,Facebook,,CTG000600,1,650000,2,1300000,12-05-2025 19:57
,HD1712,Facebook,,CTG000599,1,650000,2,1300000,12-05-2025 19:57
3464.0,HD1703,POS,Sale Kim Yến,CTG000704,1,450000,2,964000,11-05-2025 12:08
,HD1703,POS,Sale Kim Yến,CTG000376,1,514000,2,964000,11-05-2025 12:08
3466.0,HD1701,POS,Sale Kim Yến,CTG000680,1,265000,1,265000,10-05-2025 19:48
,HD1697,POS,Sale Kim Yến,CTG000455,1,530000,2,650000,10-05-2025 17:37
3484.0,HD1683,POS,,CTG000363,1,1150000,2,1861000,08-05-2025 20:13
,HD1683,POS,,CTG000603,1,711000,2,1861000,08-05-2025 20:13
3485.0,HD1682,POS,,CTG000424,1,600000,1,600000,08-05-2025 19:59
3491.0,HD1676,POS,,CTG000387,3,1300000,3,3900000,07-05-2025 21:02
3495.0,HD1672,POS,,CTG000016,6,150000,9,2328000,07-05-2025 10:02
,HD1672,POS,,CTG000013,1,285000,9,2328000,07-05-2025 10:02
,HD1672,POS,,CTG000677,1,615000,9,2328000,07-05-2025 10:02
,HD1672,POS,,CTG000620,1,600000,9,2328000,07-05-2025 10:02
3501.0,HD1666,POS,Sale Kim Yến,CTG000521,1,950000,2,1635000,06-05-2025 18:21
,HD1666,POS,Sale Kim Yến,CTG000532,1,685000,2,1635000,06-05-2025 18:21
3505.0,HD1662,POS,Sale Kim Yến,CTG000704,1,450000,1,436500,05-05-2025 21:09
3516.0,HD1651,POS,Sale Kim Yến,CTG000499,2,720000,2,1396800,02-05-2025 20:16
3521.0,HD1646,POS,Sale Kim Yến,CTG000576,1,790000,1,790000,01-05-2025 16:51
3522.0,HD1645,Zalo,Sale Kim Yến,CTG000624,1,760000,1,760000,01-05-2025 16:19
3523.0,HD1644,Zalo,Sale Kim Yến,CTG000378,2,357000,2,738300,01-05-2025 12:01
3524.0,HD1643,POS,Sale Kim Yến,CTG000378,1,357000,1,357000,01-05-2025 09:50
3525.0,HD1642,POS,Sale Kim Yến,CTG000378,1,357000,2,1464000,01-05-2025 09:49
,HD1642,POS,Sale Kim Yến,CTG000471,1,1107000,2,1464000,01-05-2025 09:49
3528.0,HD1639,POS,,CTG000580,1,280000,1,280000,30-04-2025 18:51
3531.0,HD1636,POS,,CTG000680,1,265000,2,560000,30-04-2025 16:26
,HD1636,POS,,CTG000609,1,295000,2,560000,30-04-2025 16:26
3541.0,HD1626,POS,Sale Kim Yến,CTG000412,1,295000,1,295000,29-04-2025 13:49
3542.0,HD1625,POS,Sale Kim Yến,CTG000378,1,357000,1,357000,29-04-2025 10:55
3543.0,HD1624,POS,Sale Kim Yến,CTG000016,2,150000,8,570000,29-04-2025 10:50
3549.0,HD1618,POS,Sale Kim Yến,CTG000501,1,690000,1,640000,28-04-2025 09:48
3551.0,HD1616,POS,Sale Kim Yến,CTG000412,1,295000,1,295000,27-04-2025 19:37
3552.0,HD1615,POS,Sale Kim Yến,CTG000719,1,70000,1,70000,27-04-2025 19:28
3555.0,HD1612,POS,,CTG000620,1,600000,1,600000,26-04-2025 20:19
3558.0,HD1609,POS,,CTG000580,1,280000,1,280000,26-04-2025 18:58
3559.0,HD1608,POS,,CTG000660,1,950000,1,950000,26-04-2025 18:57
3563.0,HD1604,POS,,CTG000378,1,357000,1,357000,26-04-2025 12:33
3567.0,HD1600,POS,,CTG000596,1,380000,3,1560000,25-04-2025 18:10
,HD1600,POS,,CTG000717,1,650000,3,1560000,25-04-2025 18:10
,HD1600,POS,,CTG000636,1,530000,3,1560000,25-04-2025 18:10
3574.0,HD1593,Zalo,Sale Kim Yến,CTG000376,4,514000,4,2056000,25-04-2025 10:18
3579.0,HD1588,POS,,CTG000644,1,650000,2,1300000,23-04-2025 20:47
,HD1588,POS,,CTG000717,1,650000,2,1300000,23-04-2025 20:47
,HD1580,Zalo,,CTG000471,1,1107000,3,2347000,22-04-2025 16:04
,HD1580,Zalo,,CTG000384,1,1070000,3,2347000,22-04-2025 16:04
3588.0,HD1579,POS,Sale Kim Yến,CTG000452,1,571000,1,571000,22-04-2025 13:11
3589.0,HD1578,Zalo,,CTG000471,0,1107000,0,0,22-04-2025 11:36
,HD1578,Zalo,,CTG000384,0,1070000,0,0,22-04-2025 11:36
3592.0,HD1575,Website,,CTG000623,1,890000,1,927000,22-04-2025 00:11
3595.0,HD1572,POS,,CTG000698,1,350000,1,350000,21-04-2025 19:29
3596.0,HD1571,POS,Sale Kim Yến,CTG000577,1,525000,1,525000,21-04-2025 17:41
3598.0,HD1569,POS,Sale Kim Yến,CTG000588,1,800000,2,1450000,21-04-2025 17:12
,HD1569,POS,Sale Kim Yến,CTG000599,1,650000,2,1450000,21-04-2025 17:12
3609.0,HD1558,POS,Sale Kim Yến,CTG000615,2,750000,2,1500000,20-04-2025 17:40
3610.0,HD1557,Zalo,Sale Kim Yến,CTG000487,1,1020000,2,2263000,20-04-2025 15:41
,HD1557,Zalo,Sale Kim Yến,CTG000534,1,1220000,2,2263000,20-04-2025 15:41
3611.0,HD1556,Zalo,Sale Kim Yến,CTG000487,0,1020000,0,0,20-04-2025 15:31
,HD1556,Zalo,Sale Kim Yến,CTG000534,0,1220000,0,0,20-04-2025 15:31
3612.0,HD1555,Zalo,Sale Kim Yến,CTG000532,0,685000,0,0,20-04-2025 15:11
,HD1555,Zalo,Sale Kim Yến,CTG000534,0,1220000,0,0,20-04-2025 15:11
3613.0,HD1554,POS,Sale Kim Yến,CTG000013,1,285000,2,810000,20-04-2025 12:37
,HD1554,POS,Sale Kim Yến,CTG000577,1,525000,2,810000,20-04-2025 12:37
3615.0,HD1552,POS,,CTG000660,1,950000,1,950000,19-04-2025 19:08
3618.0,HD1549,Zalo,,CTG000361,1,1690000,1,1710000,19-04-2025 17:11
3621.0,HD1546,POS,,CTG000606,1,314000,1,300000,19-04-2025 14:10
3622.0,HD1545,POS,,CTG000368,1,460000,3,1480000,19-04-2025 14:05
3623.0,HD1544,POS,,CTG000433,1,490000,2,1015000,19-04-2025 13:37
,HD1544,POS,,CTG000577,1,525000,2,1015000,19-04-2025 13:37
3624.0,HD1543,POS,Sale Kim Yến,CTG000364,1,290000,2,550000,18-04-2025 20:23
,HD1543,POS,Sale Kim Yến,CTG000637,1,310000,2,550000,18-04-2025 20:23
3628.0,HD1539,POS,,CTG000698,2,350000,2,700000,18-04-2025 09:29
3631.0,HD1536,POS,,CTG000403,1,830000,1,830000,17-04-2025 19:18
3634.0,HD1533,Zalo,Sale Kim Yến,CTG000570,3,1500000,3,4500000,16-04-2025 15:41
,HD1525,POS,,CTG000439,1,2100000,2,2220000,13-04-2025 20:47
3648.0,HD1519,POS,,CTG000013,1,285000,4,760000,12-04-2025 20:02
3651.0,HD1516,POS,Sale Kim Yến,CTG000719,2,70000,2,140000,12-04-2025 17:25
3653.0,HD1514,POS,Sale Kim Yến,CTG000565,1,1150000,1,1115500,12-04-2025 09:13
3654.0,HD1513,POS,Sale Kim Yến,CTG000563,2,884000,2,1768000,12-04-2025 09:07
3657.0,HD1510,Zalo,,CTG000376,1,514000,1,539000,11-04-2025 14:04
3661.0,HD1506,POS,Sale Kim Yến,CTG000572,1,1590000,1,1550000,10-04-2025 15:17
3662.0,HD1505,POS,Sale Kim Yến,CTG000698,2,350000,2,700000,10-04-2025 09:30
3663.0,HD1504,Zalo,,CTG000013,1,285000,1,301000,09-04-2025 19:31
3665.0,HD1502,POS,,CTG000349,1,350000,1,350000,09-04-2025 18:11
3666.0,HD1501,Zalo,,CTG000555,6,525000,6,3165000,09-04-2025 16:57
3667.0,HD1500,Zalo,,CTG000555,0,525000,0,0,09-04-2025 16:23
3668.0,HD1499,POS,,CTG000653,1,549000,1,549000,09-04-2025 10:18
3670.0,HD1497,POS,,CTG000508,1,410000,1,410000,09-04-2025 10:00
3671.0,HD1496,POS,Sale Kim Yến,CTG000634,1,520000,2,1069000,08-04-2025 20:29
,HD1496,POS,Sale Kim Yến,CTG000653,1,549000,2,1069000,08-04-2025 20:29
3674.0,HD1493,Zalo,,CTG000376,2,514000,5,2324900,08-04-2025 12:18
,HD1493,Zalo,,CTG000378,3,357000,5,2324900,08-04-2025 12:18
3675.0,HD1492,Zalo,,CTG000376,0,514000,0,0,08-04-2025 12:00
,HD1492,Zalo,,CTG000378,0,357000,0,0,08-04-2025 12:00
3677.0,HD1490,Zalo,,CTG000725,12,490000,12,6222690,08-04-2025 10:43
3679.0,HD1485,Zalo,Sale Kim Yến,CTG000555,1,525000,1,525000,07-04-2025 18:19
3683.0,HD1481,Zalo,Sale Kim Yến,CTG000625,2,450000,2,928000,07-04-2025 16:09
3684.0,HD1480,POS,,CTG000499,1,720000,1,720000,07-04-2025 13:43
3685.0,HD1479,POS,,CTG000546,1,650000,1,650000,07-04-2025 13:08
3686.0,HD1478,Website,,CTG000676,1,980000,1,1001000,07-04-2025 12:22
3689.0,HD1475,POS,,CTG000653,1,549000,1,549000,06-04-2025 19:30
3693.0,HD1471,POS,Sale Kim Yến,CTG000704,1,450000,1,435000,06-04-2025 17:52
3698.0,HD1466,Facebook,Sale Kim Yến,CTG000448,1,700000,2,1410000,06-04-2025 11:33
,HD1466,Facebook,Sale Kim Yến,CTG000532,1,685000,2,1410000,06-04-2025 11:33
3699.0,HD1465,POS,Sale Kim Yến,CTG000704,1,450000,1,450000,06-04-2025 10:32
3701.0,HD1463,POS,Sale Kim Yến,CTG000412,1,295000,1,295000,05-04-2025 19:03
3703.0,HD1461,Zalo,Sale Kim Yến,CTG000617,1,400000,1,444000,05-04-2025 16:48
3704.0,HD1460,POS,Sale Kim Yến,CTG000719,6,70000,6,420000,05-04-2025 14:35
3705.0,HD1459,POS,Sale Kim Yến,CTG000377,1,990000,1,990000,05-04-2025 11:27
3706.0,HD1458,POS,Sale Kim Yến,CTG000698,1,350000,2,630000,05-04-2025 10:41
,HD1458,POS,Sale Kim Yến,CTG000580,1,280000,2,630000,05-04-2025 10:41
3708.0,HD1456,POS,,CTG000016,2,150000,3,720000,04-04-2025 19:32
,HD1456,POS,,CTG000437,1,450000,3,720000,04-04-2025 19:32
3713.0,HD1451,Zalo,Sale Kim Yến,CTG000506,1,532000,2,706000,04-04-2025 16:12
3715.0,HD1449,Zalo,,CTG000362,2,300000,2,616000,04-04-2025 12:49
3724.0,HD1440,Zalo,,CTG000368,1,460000,6,3036000,03-04-2025 10:02
,HD1440,Zalo,,CTG000724,1,460000,6,3036000,03-04-2025 10:02
,HD1440,Zalo,,CTG000723,1,460000,6,3036000,03-04-2025 10:02
,HD1440,Zalo,,CTG000370,2,460000,6,3036000,03-04-2025 10:02
,HD1440,Zalo,,CTG000722,1,460000,6,3036000,03-04-2025 10:02
3726.0,HD1438,POS,,CTG000488,1,669000,1,669000,02-04-2025 14:15
3727.0,HD1437,POS,,CTG000679,1,150000,1,150000,02-04-2025 11:37
3729.0,HD1435,POS,Sale Kim Yến,CTG000349,1,350000,1,339500,01-04-2025 20:33
3730.0,HD1434,POS,Sale Kim Yến,CTG000538,1,360000,1,360000,01-04-2025 18:53
3731.0,HD1433,POS,Sale Kim Yến,CTG000348,1,410000,1,410000,01-04-2025 18:00
3732.0,HD1432,POS,Sale Kim Yến,CTG000013,1,285000,2,1425000,01-04-2025 16:56
,HD1432,POS,Sale Kim Yến,CTG000639,1,1140000,2,1425000,01-04-2025 16:56
3733.0,HD1431,POS,,CTG000488,1,669000,1,669000,01-04-2025 11:50
3734.0,HD1430,Zalo,,CTG000596,6,380000,8,3950000,01-04-2025 11:27
,HD1430,Zalo,,CTG000597,2,790000,8,3950000,01-04-2025 11:27
3735.0,HD1429,POS,,CTG000582,1,790000,3,1975000,31-03-2025 20:28
,HD1429,POS,,CTG000646,1,425000,3,1975000,31-03-2025 20:28
,HD1429,POS,,CTG000624,1,760000,3,1975000,31-03-2025 20:28
3736.0,HD1428,POS,,CTG000543,1,692000,1,692000,31-03-2025 18:44
3745.0,HD1419,POS,,CTG000430,1,595000,2,1285000,30-03-2025 13:31
,HD1419,POS,,CTG000501,1,690000,2,1285000,30-03-2025 13:31
3748.0,HD1416,POS,,CTG000606,1,220000,1,220000,29-03-2025 19:03
3749.0,HD1415,POS,,CTG000562,1,709000,1,709000,29-03-2025 18:22
3753.0,HD1411,POS,,CTG000653,1,549000,1,510000,29-03-2025 13:51
3755.0,HD1408,Zalo,,CTG000348,1,410000,4,2544000,29-03-2025 09:56
,HD1408,Zalo,,CTG000376,1,514000,4,2544000,29-03-2025 09:56
,HD1408,Zalo,,CTG000654,1,630000,4,2544000,29-03-2025 09:56
,HD1408,Zalo,,CTG000377,1,990000,4,2544000,29-03-2025 09:56
3756.0,HD1407,POS,,CTG000376,1,514000,2,1504000,29-03-2025 09:42
,HD1407,POS,,CTG000377,1,990000,2,1504000,29-03-2025 09:42
,HD1406,POS,,CTG000698,1,350000,2,750000,29-03-2025 09:39
3758.0,HD1405,POS,,CTG000412,1,295000,1,295000,29-03-2025 09:24
3761.0,HD1402,Zalo,Sale Kim Yến,CTG000570,3,1500000,6,8250000,28-03-2025 18:53
,HD1402,Zalo,Sale Kim Yến,CTG000549,3,1250000,6,8250000,28-03-2025 18:53
3767.0,HD1396,POS,,CTG000408,1,850000,3,2234000,27-03-2025 19:01
,HD1396,POS,,CTG000457,1,500000,3,2234000,27-03-2025 19:01
,HD1396,POS,,CTG000563,1,884000,3,2234000,27-03-2025 19:01
3772.0,HD1390,POS,,CTG000644,1,650000,1,650000,27-03-2025 16:37
3773.0,HD1389,POS,,CTG000378,1,357000,1,357000,27-03-2025 16:17
3774.0,HD1384,POS,Sale Kim Yến,CTG000349,1,350000,1,336000,27-03-2025 11:05
3775.0,HD1383,POS,Sale Kim Yến,CTG000606,1,220000,1,220000,27-03-2025 11:02
3777.0,HD1381,Zalo,CTG,CTG000451,1,600000,3,2369000,26-03-2025 19:22
,HD1381,Zalo,CTG,CTG000395,1,790000,3,2369000,26-03-2025 19:22
,HD1381,Zalo,CTG,CTG000465,1,900000,3,2369000,26-03-2025 19:22
3785.0,HD1373,Zalo,Sale Kim Yến,CTG000458,1,625000,1,625000,26-03-2025 11:51
3786.0,HD1372,Zalo,Sale Kim Yến,CTG000395,0,790000,0,0,26-03-2025 11:37
,HD1372,Zalo,Sale Kim Yến,CTG000451,0,600000,0,0,26-03-2025 11:37
,HD1372,Zalo,Sale Kim Yến,CTG000465,0,900000,0,0,26-03-2025 11:37
3789.0,HD1369,POS,Sale Kim Yến,CTG000543,1,692000,1,692000,25-03-2025 17:25
3790.0,HD1368,POS,,CTG000700,30,940000,30,25650000,25-03-2025 16:41
3791.0,HD1367,POS,,CTG000700,0,940000,0,0,25-03-2025 16:29
3792.0,HD1366,POS,Sale Kim Yến,CTG000504,1,1650000,1,1650000,25-03-2025 16:12
3801.0,HD1357,Zalo,Sale Kim Yến,CTG000409,1,2475000,2,2595000,23-03-2025 17:23
3809.0,HD1349,POS,,CTG000637,2,310000,2,620000,22-03-2025 16:29
3811.0,HD1347,Facebook,,CTG000448,2,700000,2,1260000,22-03-2025 13:31
3812.0,HD1346,POS,,CTG000376,1,514000,1,514000,22-03-2025 10:57
3813.0,HD1345,POS,,CTG000653,1,384000,2,694000,22-03-2025 10:03
,HD1345,POS,,CTG000637,1,310000,2,694000,22-03-2025 10:03
3824.0,HD1334,POS,,CTG000433,2,490000,2,980000,19-03-2025 19:09
3826.0,HD1332,POS,Sale Kim Yến,CTG000704,1,450000,1,436500,19-03-2025 11:33
3828.0,HD1330,POS,,CTG000698,1,350000,1,350000,18-03-2025 19:55
3829.0,HD1329,POS,,CTG000518,1,570000,2,954000,18-03-2025 16:19
,HD1329,POS,,CTG000653,1,384000,2,954000,18-03-2025 16:19
3831.0,HD1327,POS,Sale Kim Yến,CTG000660,1,950000,1,950000,18-03-2025 12:26
3832.0,HD1326,Facebook,Sale Kim Yến,CTG000013,0,285000,0,0,18-03-2025 11:19
3833.0,HD1325,POS,Sale Kim Yến,CTG000649,0,891000,0,0,18-03-2025 10:47
,HD1325,POS,Sale Kim Yến,CTG000448,0,700000,0,0,18-03-2025 10:47
3834.0,HD1324,Zalo,Sale Kim Yến,CTG000448,1,700000,3,2482000,18-03-2025 09:34
,HD1324,Zalo,Sale Kim Yến,CTG000649,2,891000,3,2482000,18-03-2025 09:34
3835.0,HD1323,Zalo,Sale Kim Yến,CTG000013,0,285000,0,0,17-03-2025 19:14
3839.0,HD1319,POS,Sale Kim Yến,CTG000608,1,265000,3,855000,17-03-2025 15:27
,HD1319,POS,Sale Kim Yến,CTG000610,2,295000,3,855000,17-03-2025 15:27
3840.0,HD1318,Zalo,Sale Kim Yến,CTG000633,1,740000,1,804000,17-03-2025 09:17
3841.0,HD1317,POS,,CTG000471,11,1107000,11,10350450,16-03-2025 15:59
3842.0,HD1316,POS,Sale Kim Yến,CTG000424,1,600000,2,750000,16-03-2025 11:03
,HD1316,POS,Sale Kim Yến,CTG000016,1,150000,2,750000,16-03-2025 11:03
3844.0,HD1314,POS,Sale Kim Yến,CTG000531,1,1280000,1,1280000,16-03-2025 09:39
3845.0,HD1313,Admin,,CTG000651,1,595000,1,595000,15-03-2025 19:25
3848.0,HD1310,Admin,,CTG000601,1,100000,1,100000,15-03-2025 18:37
,HD1309,POS,Sale Kim Yến,CTG000458,1,625000,3,1995000,15-03-2025 16:58
3851.0,HD1307,Zalo,,CTG000719,60,70000,60,4040000,15-03-2025 15:50
3852.0,HD1306,Zalo,CTG,CTG000378,1,357000,1,379000,15-03-2025 15:11
3853.0,HD1305,POS,,CTG000013,1,285000,4,1125000,15-03-2025 14:10
,HD1305,POS,,,2,120000,4,1125000,15-03-2025 14:10
,HD1305,POS,,CTG000425,1,600000,4,1125000,15-03-2025 14:10
,HD1303,POS,,CTG000395,1,790000,2,910000,14-03-2025 20:00
3857.0,HD1301,POS,,CTG000452,1,571000,3,1881000,14-03-2025 17:44
,HD1301,POS,,CTG000512,1,560000,3,1881000,14-03-2025 17:44
,HD1301,POS,,CTG000577,1,750000,3,1881000,14-03-2025 17:44
3859.0,HD1299,Zalo,,CTG000646,1,425000,3,1615000,14-03-2025 13:00
,HD1299,Zalo,,CTG000651,2,595000,3,1615000,14-03-2025 13:00
3860.0,HD1298,POS,,CTG000376,1,514000,1,514000,14-03-2025 10:28
3862.0,HD1296,POS,Sale Kim Yến,CTG000598,2,380000,2,760000,13-03-2025 19:30
3863.0,HD1295,POS,Sale Kim Yến,CTG000538,1,360000,2,1004000,13-03-2025 19:11
,HD1295,POS,Sale Kim Yến,CTG000516,1,644000,2,1004000,13-03-2025 19:11
3868.0,HD1290,POS,,CTG000377,1,990000,1,990000,13-03-2025 10:11
3873.0,HD1285,Facebook,,CTG000471,1,1107000,1,1107000,11-03-2025 12:57
3875.0,HD1283,POS,Sale Kim Yến,CTG000433,1,490000,1,490000,11-03-2025 12:20
3878.0,HD1279,POS,,CTG000538,1,360000,2,785000,10-03-2025 20:57
,HD1277,POS,Sale Kim Yến,CTG000369,1,220000,4,3190000,10-03-2025 14:18
3883.0,HD1274,Zalo,,CTG000633,1,740000,1,800000,09-03-2025 19:33
,HD1273,POS,,CTG000651,1,850000,3,1510000,09-03-2025 19:20
3885.0,HD1272,POS,,CTG000348,1,410000,1,400000,09-03-2025 19:12
3889.0,HD1268,POS,,CTG000580,1,280000,1,280000,09-03-2025 17:13
3890.0,HD1267,POS,,CTG000704,1,450000,1,432000,09-03-2025 16:23
3891.0,HD1266,Zalo,,CTG000412,12,295000,12,3894000,09-03-2025 15:37
3892.0,HD1265,POS,,CTG000349,1,350000,1,350000,09-03-2025 15:24
3896.0,HD1261,POS,,CTG000378,1,357000,1,357000,09-03-2025 11:20
3900.0,HD1257,POS,Sale Kim Yến,CTG000598,1,380000,1,304000,08-03-2025 17:32
,HD1244,POS,Sale Kim Yến,CTG000438,1,1390000,2,1815000,07-03-2025 19:13
3912.0,HD1243,POS,Sale Kim Yến,CTG000408,1,850000,1,850000,07-03-2025 18:34
3913.0,HD1242,POS,Sale Kim Yến,CTG000413,1,1000000,1,1000000,07-03-2025 17:53
3914.0,HD1241,Zalo,Sale Kim Yến,CTG000417,2,420000,2,860000,07-03-2025 15:29
,HD1240,Zalo,CTG,CTG000382,6,735000,12,5010000,07-03-2025 13:17
,HD1237,POS,,CTG000556,1,540000,3,1836000,06-03-2025 18:34
,HD1237,POS,,CTG000651,1,850000,3,1836000,06-03-2025 18:34
3919.0,HD1236,POS,Sale Kim Yến,CTG000483,1,570000,1,570000,06-03-2025 17:09
3920.0,HD1235,POS,Sale Kim Yến,CTG000512,1,560000,1,560000,06-03-2025 15:32
,HD1232,Zalo,Sale Kim Yến,CTG000369,1,220000,2,340000,06-03-2025 13:27
3925.0,HD1229,POS,Sale Kim Yến,CTG000522,1,1200000,2,2500000,06-03-2025 11:39
,HD1229,POS,Sale Kim Yến,CTG000387,1,1300000,2,2500000,06-03-2025 11:39
,HD1219,POS,,CTG000382,6,735000,12,5329500,04-03-2025 16:42
,HD1218,POS,,CTG000649,6,891000,12,6218700,04-03-2025 16:41
3937.0,HD1216,Zalo,,CTG000387,12,1300000,60,42860400,04-03-2025 15:21
,HD1216,Zalo,,CTG000701,48,630000,60,42860400,04-03-2025 15:21
,HD1215,POS,,CTG000646,1,425000,2,1075000,04-03-2025 15:18
3944.0,HD1209,Zalo,,CTG000716,6,950000,6,5415000,03-03-2025 14:22
3948.0,HD1204,POS,,CTG000456,1,1300000,2,1500000,02-03-2025 18:40
3950.0,HD1202,Admin,,CTG000546,1,650000,1,650000,02-03-2025 10:15
3951.0,HD1201,Admin,,CTG000704,1,450000,1,450000,02-03-2025 10:03
3953.0,HD1199,POS,,CTG000512,1,560000,1,560000,01-03-2025 20:31
3957.0,HD1195,POS,,SP000770,2,350000,2,700000,01-03-2025 10:05
3960.0,HD1192,POS,,SP000846,1,570000,2,1220000,28-02-2025 18:11
,HD1192,POS,,SP000181,1,650000,2,1220000,28-02-2025 18:11
3962.0,HD1190,POS,,SP000538,2,625000,2,1250000,28-02-2025 17:28
3966.0,HD1186,Website,,SP000242,1,1500000,1,1500000,28-02-2025 15:33
3970.0,HD1182,POS,,SP002402,1,514000,2,900000,28-02-2025 12:48
,HD1182,POS,,SP001819,1,450000,2,900000,28-02-2025 12:48
3974.0,HD1178,POS,,SP0001613,1,692000,2,840000,27-02-2025 12:48
3977.0,HD1172,POS,,SP000243,1,220000,2,440000,26-02-2025 20:19
,HD1172,POS,,SP000245,1,229000,2,440000,26-02-2025 20:19
3978.0,HD1171,Admin,,SP000243,0,220000,0,0,26-02-2025 20:01
,HD1171,Admin,,SP000245,0,229000,0,0,26-02-2025 20:01
3980.0,HD1169,POS,,SP000200,2,450000,4,1360000,26-02-2025 19:07
,HD1169,POS,,SP000034,2,400000,4,1360000,26-02-2025 19:07
3986.0,HD1163,POS,,SP000507,1,900000,1,850000,25-02-2025 19:20
3987.0,HD1162,POS,,SP000770,1,350000,1,350000,25-02-2025 18:33
3988.0,HD1161,POS,CTG,SP002475,1,285000,1,235000,25-02-2025 16:52
3991.0,HD1158,POS,,SP002767,1,520000,1,520000,25-02-2025 15:42
3994.0,HD1153,POS,CTG,SP000114,2,700000,5,2065000,25-02-2025 11:30
,HD1153,POS,CTG,SP000149,3,450000,5,2065000,25-02-2025 11:30
3997.0,HD1149,POS,,SP000538,1,625000,1,625000,24-02-2025 19:01
4000.0,HD1146,POS,,HH000598,1,760000,2,1110000,24-02-2025 17:16
,HD1146,POS,,SP000770,1,350000,2,1110000,24-02-2025 17:16
4003.0,HD1141,Admin,,SP000195,1,650000,1,650000,23-02-2025 20:22
4005.0,HD1139,POS,,SP000558,2,415000,3,1100000,23-02-2025 17:38
,HD1139,POS,,SP000490,1,490000,3,1100000,23-02-2025 17:38
4009.0,HD1135,Facebook,,HH000624,1,380000,1,410000,23-02-2025 12:09
4013.0,HD1129,POS,,HH000536,1,644000,1,644000,22-02-2025 17:28
4014.0,HD1128,Zalo,,HH000538,1,831000,1,888000,22-02-2025 17:24
4015.0,HD1127,Zalo,,HH000501,2,290000,2,580000,22-02-2025 16:51
4024.0,HD1118,POS,,SP000538,1,625000,2,1375000,21-02-2025 18:27
,HD1118,POS,,HH000610,1,750000,2,1375000,21-02-2025 18:27
4026.0,HD1116,POS,CTG,SP002778,12,630000,12,7068600,21-02-2025 14:49
4037.0,HD1105,POS,,SP001663,2,600000,2,1200000,19-02-2025 20:37
4052.0,HD1087,POS,CTG,HH000523,1,669000,2,1338000,18-02-2025 14:25
,HD1087,POS,CTG,HH000524,1,669000,2,1338000,18-02-2025 14:25
4055.0,HD1084,POS,CTG,HH000539,1,1070000,1,1000000,18-02-2025 14:20
4059.0,HD1080,POS,CTG,SP000114,0,700000,0,0,17-02-2025 19:54
,HD1080,POS,CTG,SP000149,0,450000,0,0,17-02-2025 19:54
4061.0,HD1078,POS,CTG,SP002356,2,630000,4,1460000,17-02-2025 09:23
4062.0,HD1077,POS,,HH000625,1,380000,2,1450000,16-02-2025 13:39
,HD1077,POS,,HH000539,1,1070000,2,1450000,16-02-2025 13:39
4065.0,HD1073,POS,,HH000624,1,380000,2,760000,16-02-2025 13:26
,HD1073,POS,,HH000627,1,380000,2,760000,16-02-2025 13:26
4067.0,HD1071,POS,,SP002497,1,580000,1,580000,16-02-2025 13:24
4068.0,HD1070,POS,,SP002311,4,280000,4,1120000,16-02-2025 13:23
4069.0,HD1069,POS,,SP000242,2,1500000,2,3000000,16-02-2025 13:22
4070.0,HD1068,POS,,SP0001505,1,500000,1,500000,16-02-2025 13:19
4071.0,HD1067,POS,,HH000627,1,380000,1,360000,16-02-2025 13:15
4072.0,HD1066,POS,,SP002526,1,690000,3,2357000,16-02-2025 13:13
,HD1066,POS,,HH000493,1,1300000,3,2357000,16-02-2025 13:13
4076.0,HD1062,POS,,SP001663,1,600000,2,635000,16-02-2025 13:08
4077.0,HD1061,POS,,SP000415,1,560000,2,976500,16-02-2025 13:05
,HD1061,POS,,SP000490,1,490000,2,976500,16-02-2025 13:05
4078.0,HD1060,POS,,SP002770,1,310000,1,319980,16-02-2025 13:03
4079.0,HD1059,POS,,SP0001617,2,700000,2,1227000,16-02-2025 12:59
4082.0,HD1056,POS,,HH000467,1,1900000,1,1655200,16-02-2025 12:53
4083.0,HD1055,POS,,HH000550,1,410000,1,437000,16-02-2025 12:51
4085.0,HD1053,POS,,SP000181,1,650000,1,600000,16-02-2025 12:46
4086.0,HD1052,POS,,HH000596,1,4800000,2,4500000,16-02-2025 12:45
4089.0,HD1049,POS,,SP000532,1,570000,1,600000,16-02-2025 12:26
4091.0,HD1047,POS,,SP000543,1,735000,1,752000,16-02-2025 12:17
4092.0,HD1046,POS,CTG,HH000611,1,540000,1,500000,16-02-2025 12:07
4093.0,HD1045,POS,CTG,HH000627,1,380000,1,418000,16-02-2025 12:02
